time,power,hour,energy
2026-04-22 14:32:10.315458,0,14,-4.163336342344337e-17
2026-04-22 14:32:15.434407,103,14,0.10299999999999998
2026-04-22 14:32:17.568894,134,14,0.134
2026-04-22 14:32:19.709558,123,14,0.123
2026-04-22 14:32:21.862373,85,14,0.08499999999999999
2026-04-22 14:32:24.031545,63,14,0.06299999999999997
2026-04-22 14:32:26.194967,87,14,0.08699999999999998
2026-04-22 14:32:28.337614,71,14,0.07099999999999998
2026-04-22 14:32:30.487760,135,14,0.135
2026-04-22 14:32:32.640616,158,14,0.158
2026-04-22 14:32:34.785009,75,14,0.07499999999999998
2026-04-22 14:32:36.918245,88,14,0.088
2026-04-22 14:32:39.060202,54,14,0.05399999999999998
2026-04-22 14:32:41.206433,130,14,0.13
2026-04-22 14:32:43.375738,115,14,0.11499999999999999
2026-04-22 14:32:45.531419,170,14,0.17
2026-04-22 14:32:47.694072,151,14,0.151
2026-04-22 14:32:49.864338,127,14,0.127
2026-04-22 14:32:52.013818,113,14,0.11299999999999999
2026-04-22 14:32:54.161394,50,14,0.049999999999999975
2026-04-22 14:32:56.314352,94,14,0.09399999999999999
2026-04-22 14:32:58.494397,64,14,0.06399999999999999
2026-04-22 14:33:00.656813,67,14,0.06699999999999998
2026-04-22 14:33:02.812913,107,14,0.10699999999999998
2026-04-22 14:33:04.959269,149,14,0.14900000000000002
2026-04-22 14:33:07.098172,141,14,0.14100000000000001
2026-04-22 14:33:09.228493,69,14,0.06899999999999998
2026-04-22 14:33:11.356015,54,14,0.05399999999999998
2026-04-22 14:33:13.491796,135,14,0.135
2026-04-22 14:33:15.646453,67,14,0.06699999999999998
2026-04-22 14:33:17.795176,54,14,0.05399999999999998
2026-04-22 14:33:19.961595,150,14,0.15000000000000002
2026-04-22 14:33:22.139301,54,14,0.05399999999999998
2026-04-22 14:33:24.294308,107,14,0.10699999999999998
2026-04-22 14:33:26.455626,69,14,0.06899999999999998
2026-04-22 14:33:28.618217,42,14,0.041999999999999975
2026-04-22 14:33:30.785264,137,14,0.137
2026-04-22 14:33:32.931198,75,14,0.07499999999999998
2026-04-22 14:33:35.089576,156,14,0.156
2026-04-22 14:33:37.234568,143,14,0.14300000000000002
2026-04-22 14:33:39.400847,150,14,0.15000000000000002
2026-04-22 14:33:41.570255,113,14,0.11299999999999999
2026-04-22 14:33:43.714111,115,14,0.11499999999999999
2026-04-22 14:33:45.862951,167,14,0.167
2026-04-22 14:33:48.003192,41,14,0.04099999999999998
2026-04-22 14:33:50.149181,57,14,0.05699999999999998
2026-04-22 14:33:52.320709,134,14,0.134
2026-04-22 14:33:54.483968,105,14,0.10499999999999998
2026-04-22 14:33:56.639379,155,14,0.155
2026-04-22 14:33:58.786253,170,14,0.17
2026-04-22 14:34:00.950956,53,14,0.05299999999999998
2026-04-22 14:34:03.109411,83,14,0.08299999999999999
2026-04-22 14:34:05.258689,80,14,0.07999999999999999
2026-04-22 14:34:07.441162,72,14,0.07199999999999998
2026-04-22 14:34:09.573010,61,14,0.06099999999999998
2026-04-22 14:34:11.727060,177,14,0.177
2026-04-22 14:34:13.882717,98,14,0.09799999999999999
2026-04-22 14:34:16.024420,165,14,0.165
2026-04-22 14:34:18.168187,114,14,0.11399999999999999
2026-04-22 14:34:20.305955,176,14,0.176
2026-04-22 14:34:22.455808,83,14,0.08299999999999999
2026-04-22 14:34:24.616048,57,14,0.05699999999999998
2026-04-22 14:34:26.767045,120,14,0.12
2026-04-22 14:34:28.935747,107,14,0.10699999999999998
2026-04-22 14:34:31.089457,45,14,0.04499999999999998
2026-04-22 14:34:33.254966,125,14,0.125
2026-04-22 14:34:35.422104,158,14,0.158
2026-04-22 14:34:37.596021,177,14,0.177
2026-04-22 14:34:39.765487,160,14,0.16
2026-04-22 14:34:41.921540,129,14,0.129
2026-04-22 14:34:44.072451,85,14,0.08499999999999999
2026-04-22 14:34:46.206465,167,14,0.167
2026-04-22 14:34:48.372624,135,14,0.135
2026-04-22 14:34:50.542147,116,14,0.11599999999999999
2026-04-22 14:34:55.418040,141,14,0.14100000000000001
2026-04-22 14:34:57.559096,164,14,0.164
2026-04-22 14:34:59.711428,154,14,0.154
2026-04-22 14:35:01.864462,149,14,0.14900000000000002
2026-04-22 14:35:04.016805,120,14,0.12
2026-04-22 14:35:06.169075,66,14,0.06599999999999998
2026-04-22 14:35:08.302900,170,14,0.17
2026-04-22 14:35:10.448932,158,14,0.158
2026-04-22 14:35:12.610388,50,14,0.049999999999999975
2026-04-22 14:35:14.742247,96,14,0.09599999999999999
2026-04-22 14:35:16.915657,151,14,0.151
2026-04-22 14:35:19.055909,78,14,0.07799999999999999
2026-04-22 14:35:21.185974,144,14,0.144
2026-04-22 14:35:23.351721,124,14,0.124
2026-04-22 14:35:25.534436,75,14,0.07499999999999998
2026-04-22 14:35:27.692497,157,14,0.157
2026-04-22 14:35:29.835180,98,14,0.09799999999999999
2026-04-22 14:35:31.982539,50,14,0.049999999999999975
2026-04-22 14:35:34.136612,67,14,0.06699999999999998
2026-04-22 14:35:36.296649,117,14,0.11699999999999999
2026-04-22 14:35:38.440773,102,14,0.102
2026-04-22 14:35:40.582838,81,14,0.08099999999999999
2026-04-22 14:35:42.743315,144,14,0.144
2026-04-22 14:35:44.885391,127,14,0.127
2026-04-22 14:35:47.015707,165,14,0.165
2026-04-22 14:35:49.175196,70,14,0.06999999999999998
2026-04-22 14:35:51.340356,154,14,0.154
2026-04-22 14:35:53.491154,128,14,0.128
2026-04-22 14:35:55.619121,171,14,0.171
2026-04-22 14:35:57.785969,120,14,0.12
2026-04-22 14:35:59.944418,65,14,0.06499999999999999
2026-04-22 14:36:02.091660,142,14,0.14200000000000002
2026-04-22 14:36:04.244816,63,14,0.06299999999999997
2026-04-22 14:36:06.390701,110,14,0.10999999999999999
2026-04-22 14:36:08.534236,168,14,0.168
2026-04-22 14:36:10.706342,144,14,0.144
2026-04-22 14:36:12.856373,60,14,0.059999999999999984
2026-04-22 14:36:14.997580,69,14,0.06899999999999998
2026-04-22 14:36:17.152294,78,14,0.07799999999999999
2026-04-22 14:36:19.308658,68,14,0.06799999999999998
2026-04-22 14:36:21.446070,142,14,0.14200000000000002
2026-04-22 14:36:23.600750,47,14,0.04699999999999997
2026-04-22 14:36:25.779567,113,14,0.11299999999999999
2026-04-22 14:36:27.927216,157,14,0.157
2026-04-22 14:36:30.092664,123,14,0.123
2026-04-22 14:36:32.265816,48,14,0.04799999999999997
2026-04-22 14:36:34.428578,117,14,0.11699999999999999
2026-04-22 14:36:36.591465,44,14,0.04399999999999997
2026-04-22 14:36:38.751076,79,14,0.07899999999999999
2026-04-22 14:36:40.881278,130,14,0.13
2026-04-22 14:36:43.019063,47,14,0.04699999999999997
2026-04-22 14:36:45.183596,88,14,0.088
2026-04-22 14:36:47.341065,105,14,0.10499999999999998
2026-04-22 14:36:49.484830,130,14,0.13
2026-04-22 14:36:51.637811,123,14,0.123
2026-04-22 14:36:53.774278,54,14,0.05399999999999998
2026-04-22 14:36:55.922704,106,14,0.10599999999999998
2026-04-22 14:36:58.080895,61,14,0.06099999999999998
2026-04-22 14:37:00.247351,142,14,0.14200000000000002
2026-04-22 14:37:02.396675,160,14,0.16
2026-04-22 14:37:04.563635,174,14,0.174
2026-04-22 14:37:06.705638,40,14,0.03999999999999998
2026-04-22 14:37:08.838409,82,14,0.08199999999999999
2026-04-22 14:37:10.994181,78,14,0.07799999999999999
2026-04-22 14:37:13.173534,98,14,0.09799999999999999
2026-04-22 14:37:15.330302,101,14,0.10099999999999999
2026-04-22 14:37:17.466870,150,14,0.15000000000000002
2026-04-22 14:37:19.635195,65,14,0.06499999999999999
2026-04-22 14:37:21.782318,110,14,0.10999999999999999
2026-04-22 14:37:23.934823,128,14,0.128
2026-04-22 14:37:26.076098,103,14,0.10299999999999998
2026-04-22 14:37:28.260032,156,14,0.156
2026-04-22 14:37:30.423150,90,14,0.08999999999999998
2026-04-22 14:37:32.564120,121,14,0.121
2026-04-22 14:37:34.716653,136,14,0.136
2026-04-22 14:37:36.871763,67,14,0.06699999999999998
2026-04-22 14:37:39.020180,154,14,0.154
2026-04-22 14:37:41.213664,153,14,0.153
2026-04-22 14:37:43.356570,135,14,0.135
2026-04-22 14:37:45.513396,143,14,0.14300000000000002
2026-04-22 14:37:47.667962,115,14,0.11499999999999999
2026-04-22 14:37:49.823677,98,14,0.09799999999999999
2026-04-22 14:37:51.972414,162,14,0.162
2026-04-22 14:37:54.120203,157,14,0.157
2026-04-22 14:37:56.261763,173,14,0.173
2026-04-22 14:37:58.413642,84,14,0.08399999999999999
2026-04-22 14:38:00.585213,135,14,0.135
2026-04-22 14:38:02.731886,138,14,0.138
2026-04-22 14:38:04.903761,75,14,0.07499999999999998
2026-04-22 14:38:07.055447,102,14,0.102
2026-04-22 14:38:09.191792,46,14,0.04599999999999998
2026-04-22 14:38:11.353192,144,14,0.144
2026-04-22 14:38:13.517997,66,14,0.06599999999999998
2026-04-22 14:38:15.683639,170,14,0.17
2026-04-22 14:38:17.812563,130,14,0.13
2026-04-22 14:38:19.956401,82,14,0.08199999999999999
2026-04-22 14:38:22.105180,42,14,0.041999999999999975
2026-04-22 14:38:24.250456,46,14,0.04599999999999998
2026-04-22 14:38:26.417113,100,14,0.09999999999999998
2026-04-22 14:38:28.568483,139,14,0.139
2026-04-22 14:38:30.738834,81,14,0.08099999999999999
2026-04-22 14:38:32.879276,89,14,0.08899999999999998
2026-04-22 14:38:35.035758,178,14,0.178
2026-04-22 14:38:37.231164,41,14,0.04099999999999998
2026-04-22 14:38:39.362670,67,14,0.06699999999999998
2026-04-22 14:38:41.513313,82,14,0.08199999999999999
2026-04-22 14:38:43.662679,69,14,0.06899999999999998
2026-04-22 14:38:45.820809,93,14,0.09299999999999999
2026-04-22 14:38:47.966400,139,14,0.139
2026-04-22 14:38:50.117614,158,14,0.158
2026-04-22 14:38:52.269449,129,14,0.129
2026-04-22 14:38:54.423931,152,14,0.152
2026-04-22 14:38:56.573270,58,14,0.05799999999999998
2026-04-22 14:38:58.740511,72,14,0.07199999999999998
2026-04-22 14:39:00.895098,67,14,0.06699999999999998
2026-04-22 14:39:03.023198,173,14,0.173
2026-04-22 14:39:05.178166,95,14,0.09499999999999999
2026-04-22 14:39:07.323454,45,14,0.04499999999999998
2026-04-22 14:39:09.461856,57,14,0.05699999999999998
2026-04-22 14:39:11.627940,172,14,0.172
2026-04-22 14:39:13.785776,179,14,0.179
2026-04-22 14:39:15.927445,166,14,0.166
2026-04-22 14:39:18.068695,122,14,0.122
2026-04-22 14:39:20.211454,45,14,0.04499999999999998
2026-04-22 14:39:22.356774,73,14,0.07299999999999998
2026-04-22 14:39:24.509488,93,14,0.09299999999999999
2026-04-22 14:39:26.667779,136,14,0.136
2026-04-22 14:39:28.801191,135,14,0.135
2026-04-22 14:39:30.944585,113,14,0.11299999999999999
2026-04-22 14:39:33.087577,170,14,0.17
2026-04-22 14:39:35.240607,146,14,0.146
2026-04-22 14:39:37.364793,65,14,0.06499999999999999
2026-04-22 14:39:39.516301,156,14,0.156
2026-04-22 14:39:41.678190,129,14,0.129
2026-04-22 14:39:43.825874,122,14,0.122
2026-04-22 14:39:45.970738,56,14,0.05599999999999998
2026-04-22 14:39:48.152836,59,14,0.05899999999999998
2026-04-22 14:39:50.302524,55,14,0.05499999999999998
2026-04-22 14:39:52.440052,98,14,0.09799999999999999
2026-04-22 14:39:54.614620,90,14,0.08999999999999998
2026-04-22 14:39:56.763229,162,14,0.162
2026-04-22 14:39:58.931101,108,14,0.10799999999999998
2026-04-22 14:40:01.090382,46,14,0.04599999999999998
2026-04-22 14:40:03.262638,102,14,0.102
2026-04-22 14:40:05.396734,171,14,0.171
2026-04-22 14:40:07.550123,119,14,0.119
2026-04-22 14:40:09.684276,80,14,0.07999999999999999
2026-04-22 14:40:11.825998,166,14,0.166
2026-04-22 14:40:13.969620,172,14,0.172
2026-04-22 14:40:16.112319,125,14,0.125
2026-04-22 14:40:18.262279,83,14,0.08299999999999999
2026-04-22 14:40:20.413010,88,14,0.088
2026-04-22 14:40:22.591032,44,14,0.04399999999999997
2026-04-22 14:40:24.720265,110,14,0.10999999999999999
2026-04-22 14:40:26.851976,45,14,0.04499999999999998
2026-04-22 14:40:29.021617,49,14,0.048999999999999974
2026-04-22 14:40:31.172824,172,14,0.172
2026-04-22 14:40:33.350304,58,14,0.05799999999999998
2026-04-22 14:40:35.498596,140,14,0.14
2026-04-22 14:40:37.639712,62,14,0.06199999999999998
2026-04-22 14:40:39.800685,102,14,0.102
2026-04-22 14:40:41.964590,127,14,0.127
2026-04-22 14:40:44.119757,158,14,0.158
2026-04-22 14:40:46.276238,148,14,0.14800000000000002
2026-04-22 14:40:48.427436,122,14,0.122
2026-04-22 14:40:50.570255,133,14,0.133
2026-04-22 14:40:52.729168,64,14,0.06399999999999999
2026-04-22 14:40:54.892620,142,14,0.14200000000000002
2026-04-22 14:40:57.045242,142,14,0.14200000000000002
2026-04-22 14:40:59.178731,124,14,0.124
2026-04-22 14:41:01.332935,118,14,0.118
2026-04-22 14:41:03.503983,131,14,0.131
2026-04-22 14:41:05.647014,147,14,0.147
2026-04-22 14:41:07.793375,162,14,0.162
2026-04-22 14:41:09.947953,155,14,0.155
2026-04-22 14:41:12.102751,42,14,0.041999999999999975
2026-04-22 14:41:14.259866,85,14,0.08499999999999999
2026-04-22 14:41:16.396667,142,14,0.14200000000000002
2026-04-22 14:41:18.551006,40,14,0.03999999999999998
2026-04-22 14:41:20.699853,58,14,0.05799999999999998
2026-04-22 14:41:22.863477,77,14,0.07699999999999999
2026-04-22 14:41:25.009759,103,14,0.10299999999999998
2026-04-22 14:41:27.175865,136,14,0.136
2026-04-22 14:41:29.338292,62,14,0.06199999999999998
2026-04-22 14:41:31.504877,143,14,0.14300000000000002
2026-04-22 14:41:33.660430,90,14,0.08999999999999998
2026-04-22 14:41:35.826573,134,14,0.134
2026-04-22 14:41:37.984623,111,14,0.11099999999999999
2026-04-22 14:41:40.144294,105,14,0.10499999999999998
2026-04-22 14:41:42.299504,59,14,0.05899999999999998
2026-04-22 14:41:44.446608,93,14,0.09299999999999999
2026-04-22 14:41:46.595669,87,14,0.08699999999999998
2026-04-22 14:41:48.766757,105,14,0.10499999999999998
2026-04-22 14:41:50.899587,44,14,0.04399999999999997
2026-04-22 14:41:53.033468,160,14,0.16
2026-04-22 14:41:55.178272,57,14,0.05699999999999998
2026-04-22 14:41:57.324762,41,14,0.04099999999999998
2026-04-22 14:41:59.477125,177,14,0.177
2026-04-22 14:42:01.625890,148,14,0.14800000000000002
2026-04-22 14:42:03.725914,133,14,0.133
2026-04-22 14:42:05.856184,47,14,0.04699999999999997
2026-04-22 14:42:07.985753,169,14,0.169
2026-04-22 14:42:10.123666,106,14,0.10599999999999998
2026-04-22 14:42:12.274692,49,14,0.048999999999999974
2026-04-22 14:42:14.434365,141,14,0.14100000000000001
2026-04-22 14:42:16.573467,140,14,0.14
2026-04-22 14:42:18.718635,83,14,0.08299999999999999
2026-04-22 14:42:20.843630,156,14,0.156
2026-04-22 14:42:23.024085,116,14,0.11599999999999999
2026-04-22 14:42:25.190661,151,14,0.151
2026-04-22 14:42:27.344143,129,14,0.129
2026-04-22 14:42:29.498915,49,14,0.048999999999999974
2026-04-22 14:42:31.628888,60,14,0.059999999999999984
2026-04-22 14:42:33.767024,158,14,0.158
2026-04-22 14:42:35.907391,158,14,0.158
2026-04-22 14:42:38.036655,92,14,0.09199999999999998
2026-04-22 14:42:40.181335,178,14,0.178
2026-04-22 14:42:42.321739,87,14,0.08699999999999998
2026-04-22 14:42:44.460128,69,14,0.06899999999999998
2026-04-22 14:42:46.598568,116,14,0.11599999999999999
2026-04-22 14:42:48.735458,137,14,0.137
2026-04-22 14:42:50.906169,131,14,0.131
2026-04-22 14:42:53.073944,68,14,0.06799999999999998
2026-04-22 14:42:55.232050,77,14,0.07699999999999999
2026-04-22 14:42:57.398575,53,14,0.05299999999999998
2026-04-22 14:42:59.541627,152,14,0.152
2026-04-22 14:43:01.682901,168,14,0.168
2026-04-22 14:43:03.819223,108,14,0.10799999999999998
2026-04-22 14:43:05.994895,64,14,0.06399999999999999
2026-04-22 14:43:08.175794,77,14,0.07699999999999999
2026-04-22 14:43:10.361944,109,14,0.10899999999999999
2026-04-22 14:43:12.514316,169,14,0.169
2026-04-22 14:43:14.677775,105,14,0.10499999999999998
2026-04-22 14:43:16.854472,66,14,0.06599999999999998
2026-04-22 14:43:19.024390,114,14,0.11399999999999999
2026-04-22 14:43:21.192444,131,14,0.131
2026-04-22 14:43:23.324453,87,14,0.08699999999999998
2026-04-22 14:43:25.468898,141,14,0.14100000000000001
2026-04-22 14:43:27.615065,174,14,0.174
2026-04-22 14:43:29.750884,67,14,0.06699999999999998
2026-04-22 14:43:31.922149,94,14,0.09399999999999999
2026-04-22 14:43:34.052717,98,14,0.09799999999999999
2026-04-22 14:43:36.203501,115,14,0.11499999999999999
2026-04-22 14:43:38.331619,118,14,0.118
2026-04-22 14:43:40.453664,123,14,0.123
2026-04-22 14:43:42.568483,166,14,0.166
2026-04-22 14:43:44.700630,63,14,0.06299999999999997
2026-04-22 14:43:46.819575,71,14,0.07099999999999998
2026-04-22 14:43:48.944464,107,14,0.10699999999999998
2026-04-22 14:43:51.067310,141,14,0.14100000000000001
2026-04-22 14:43:53.193423,128,14,0.128
2026-04-22 14:43:55.302441,157,14,0.157
2026-04-22 14:43:57.409602,103,14,0.10299999999999998
2026-04-22 14:43:59.515350,83,14,0.08299999999999999
2026-04-22 14:44:01.630992,43,14,0.042999999999999976
2026-04-22 14:44:03.733875,137,14,0.137
2026-04-22 14:44:05.849334,40,14,0.03999999999999998
2026-04-22 14:44:07.994986,84,14,0.08399999999999999
2026-04-22 14:44:10.130574,160,14,0.16
2026-04-22 14:44:12.254445,60,14,0.059999999999999984
2026-04-22 14:44:45.026186,0,14,-4.163336342344337e-17
2026-04-22 14:44:45.328057,151,14,0.151
2026-04-22 14:44:47.995455,77,14,0.07699999999999999
2026-04-22 14:44:50.144707,83,14,0.08299999999999999
2026-04-22 14:44:52.062409,0,14,-4.163336342344337e-17
2026-04-22 14:44:52.271567,50,14,0.049999999999999975
2026-04-22 14:44:54.431031,117,14,0.11699999999999999
2026-04-22 14:44:56.572115,55,14,0.05499999999999998
2026-04-22 14:44:58.259372,0,14,-4.163336342344337e-17
2026-04-22 14:44:58.712712,147,14,0.147
2026-04-22 14:45:00.843897,69,14,0.06899999999999998
2026-04-22 14:45:02.980306,169,14,0.169
2026-04-22 14:45:04.460426,0,14,-4.163336342344337e-17
2026-04-22 14:45:05.125962,136,14,0.136
2026-04-22 14:45:07.266408,114,14,0.11399999999999999
2026-04-22 14:45:09.407761,99,14,0.09899999999999999
2026-04-22 14:45:10.676060,0,14,-4.163336342344337e-17
2026-04-22 14:45:11.566535,67,14,0.06699999999999998
2026-04-22 14:45:13.717389,95,14,0.09499999999999999
2026-04-22 14:45:15.869125,170,14,0.17
2026-04-22 14:45:16.895987,0,14,-4.163336342344337e-17
2026-04-22 14:45:18.051110,165,14,0.165
2026-04-22 14:45:20.195039,121,14,0.121
2026-04-22 14:45:22.334175,93,14,0.09299999999999999
2026-04-22 14:45:23.152127,0,14,-4.163336342344337e-17
2026-04-22 14:45:24.497513,120,14,0.12
2026-04-22 14:45:26.646069,97,14,0.09699999999999999
2026-04-22 14:45:28.792869,99,14,0.09899999999999999
2026-04-22 14:45:29.379905,0,14,-4.163336342344337e-17
2026-04-22 14:45:30.958919,91,14,0.09099999999999998
2026-04-22 14:45:32.479556,119,14,0.119
2026-04-22 14:45:35.619308,0,14,-4.163336342344337e-17
2026-04-22 14:45:38.080275,0,14,-4.163336342344337e-17
2026-04-22 14:45:41.823210,0,14,-4.163336342344337e-17
2026-04-22 14:45:44.030012,99,14,0.09899999999999999
2026-04-22 14:45:46.173788,129,14,0.129
2026-04-22 14:45:48.065414,0,14,-4.163336342344337e-17
2026-04-22 14:45:48.301237,170,14,0.17
2026-04-22 14:45:50.456866,90,14,0.08999999999999998
2026-04-22 14:45:52.625003,150,14,0.15000000000000002
2026-04-22 14:45:54.778011,132,14,0.132
2026-04-22 14:45:56.965373,57,14,0.05699999999999998
2026-04-22 14:45:59.108222,128,14,0.128
2026-04-22 14:46:01.246186,131,14,0.131
2026-04-22 14:46:03.386006,64,14,0.06399999999999999
2026-04-22 14:46:05.538075,143,14,0.14300000000000002
2026-04-22 14:46:07.682489,104,14,0.10399999999999998
2026-04-22 14:46:09.816445,78,14,0.07799999999999999
2026-04-22 14:46:11.960830,60,14,0.059999999999999984
2026-04-22 14:46:14.111274,106,14,0.10599999999999998
2026-04-22 14:46:16.277008,69,14,0.06899999999999998
2026-04-22 14:46:18.418303,116,14,0.11599999999999999
2026-04-22 14:46:20.564362,136,14,0.136
2026-04-22 14:46:22.713463,174,14,0.174
2026-04-22 14:46:24.863130,144,14,0.144
2026-04-22 14:46:27.028980,177,14,0.177
2026-04-22 14:46:29.182993,131,14,0.131
2026-04-22 14:46:31.318121,63,14,0.06299999999999997
2026-04-22 14:46:33.463487,109,14,0.10899999999999999
2026-04-22 14:46:35.618832,116,14,0.11599999999999999
2026-04-22 14:46:37.793919,171,14,0.171
2026-04-22 14:46:39.959206,58,14,0.05799999999999998
2026-04-22 14:46:42.109565,64,14,0.06399999999999999
2026-04-22 14:46:44.253180,172,14,0.172
2026-04-22 14:46:46.397932,87,14,0.08699999999999998
2026-04-22 14:46:48.550874,68,14,0.06799999999999998
2026-04-22 14:46:50.693275,117,14,0.11699999999999999
2026-04-22 14:46:52.839427,143,14,0.14300000000000002
2026-04-22 14:46:55.028627,104,14,0.10399999999999998
2026-04-22 14:46:57.216847,153,14,0.153
2026-04-22 14:46:59.368174,165,14,0.165
2026-04-22 14:47:01.518163,94,14,0.09399999999999999
2026-04-22 14:47:03.663282,168,14,0.168
2026-04-22 14:47:05.830689,83,14,0.08299999999999999
2026-04-22 14:47:07.993264,163,14,0.16299999999999998
2026-04-22 14:47:10.139251,75,14,0.07499999999999998
2026-04-22 14:47:12.270275,168,14,0.168
2026-04-22 14:47:14.416320,89,14,0.08899999999999998
2026-04-22 14:47:16.578638,126,14,0.126
2026-04-22 14:47:18.751493,150,14,0.15000000000000002
2026-04-22 14:47:20.891277,81,14,0.08099999999999999
2026-04-22 14:47:23.021845,130,14,0.13
2026-04-22 14:47:25.188175,168,14,0.168
2026-04-22 14:47:27.336480,172,14,0.172
2026-04-22 14:47:29.502531,68,14,0.06799999999999998
2026-04-22 14:47:31.667401,96,14,0.09599999999999999
2026-04-22 14:47:33.814064,84,14,0.08399999999999999
2026-04-22 14:47:35.963149,78,14,0.07799999999999999
2026-04-22 14:47:38.096106,152,14,0.152
2026-04-22 14:47:40.243192,163,14,0.16299999999999998
2026-04-22 14:47:42.399389,130,14,0.13
2026-04-22 14:47:44.557434,167,14,0.167
2026-04-22 14:47:46.705453,72,14,0.07199999999999998
2026-04-22 14:47:48.831814,160,14,0.16
2026-04-22 14:47:50.964743,133,14,0.133
2026-04-22 14:47:53.129874,74,14,0.07399999999999998
2026-04-22 14:47:55.289801,52,14,0.05199999999999998
2026-04-22 14:47:57.430490,63,14,0.06299999999999997
2026-04-22 14:47:59.600569,164,14,0.164
2026-04-22 14:48:01.757776,111,14,0.11099999999999999
2026-04-22 14:48:03.890647,57,14,0.05699999999999998
2026-04-22 14:48:06.032452,69,14,0.06899999999999998
2026-04-22 14:48:08.178621,138,14,0.138
2026-04-22 14:48:10.350564,121,14,0.121
2026-04-22 14:48:12.518748,84,14,0.08399999999999999
2026-04-22 14:48:14.658303,154,14,0.154
2026-04-22 14:48:16.805733,109,14,0.10899999999999999
2026-04-22 14:48:18.942689,63,14,0.06299999999999997
2026-04-22 14:48:21.082104,151,14,0.151
2026-04-22 14:48:23.227030,148,14,0.14800000000000002
2026-04-22 14:48:25.374778,50,14,0.049999999999999975
2026-04-22 14:48:27.534058,168,14,0.168
2026-04-22 14:48:29.674378,125,14,0.125
2026-04-22 14:48:31.819012,55,14,0.05499999999999998
2026-04-22 14:48:33.991872,179,14,0.179
2026-04-22 14:48:36.121886,132,14,0.132
2026-04-22 14:48:38.263407,70,14,0.06999999999999998
2026-04-22 14:48:40.402520,88,14,0.088
2026-04-22 14:48:42.552483,50,14,0.049999999999999975
2026-04-22 14:48:44.722610,116,14,0.11599999999999999
2026-04-22 14:48:46.869740,64,14,0.06399999999999999
2026-04-22 14:48:48.997287,126,14,0.126
2026-04-22 14:48:51.152112,149,14,0.14900000000000002
2026-04-22 14:48:53.310626,78,14,0.07799999999999999
2026-04-22 14:48:55.503555,122,14,0.122
2026-04-22 14:48:57.681201,150,14,0.15000000000000002
2026-04-22 14:48:59.826287,179,14,0.179
2026-04-22 14:49:01.974146,78,14,0.07799999999999999
2026-04-22 14:49:04.144185,151,14,0.151
2026-04-22 14:49:06.268679,92,14,0.09199999999999998
2026-04-22 14:49:08.436977,99,14,0.09899999999999999
2026-04-22 14:49:10.580317,75,14,0.07499999999999998
2026-04-22 14:49:12.686579,55,14,0.05499999999999998
2026-04-22 14:49:14.786157,69,14,0.06899999999999998
2026-04-22 14:49:16.886652,146,14,0.146
2026-04-22 14:49:18.994,179,14,0.179
2026-04-22 14:49:21.116963,163,14,0.16299999999999998
2026-04-22 14:49:23.267046,103,14,0.10299999999999998
2026-04-22 14:49:25.415660,164,14,0.164
2026-04-22 14:49:27.587349,67,14,0.06699999999999998
2026-04-22 14:49:29.744806,81,14,0.08099999999999999
2026-04-22 14:49:31.892605,177,14,0.177
2026-04-22 14:49:34.023807,162,14,0.162
2026-04-22 14:49:36.137313,113,14,0.11299999999999999
2026-04-22 14:49:38.240415,101,14,0.10099999999999999
2026-04-22 14:49:40.352465,174,14,0.174
2026-04-22 14:49:42.511674,164,14,0.164
2026-04-22 14:49:44.663915,151,14,0.151
2026-04-22 14:49:46.814542,173,14,0.173
2026-04-22 14:49:48.963346,170,14,0.17
2026-04-22 14:49:51.193377,94,14,0.09399999999999999
2026-04-22 14:49:53.303932,150,14,0.15000000000000002
2026-04-22 14:49:55.443916,178,14,0.178
2026-04-22 14:49:57.576410,151,14,0.151
2026-04-22 14:49:59.707487,169,14,0.169
2026-04-22 14:50:01.860771,54,14,0.05399999999999998
2026-04-22 14:50:04.001392,163,14,0.16299999999999998
2026-04-22 14:50:06.130874,54,14,0.05399999999999998
2026-04-22 14:50:08.275305,163,14,0.16299999999999998
2026-04-22 14:50:10.414300,163,14,0.16299999999999998
2026-04-22 14:50:12.588506,176,14,0.176
2026-04-22 14:50:14.747832,111,14,0.11099999999999999
2026-04-22 14:50:16.900165,138,14,0.138
2026-04-22 14:50:19.087990,108,14,0.10799999999999998
2026-04-22 14:50:21.264113,93,14,0.09299999999999999
2026-04-22 14:50:23.420093,102,14,0.102
2026-04-22 14:50:25.569402,124,14,0.124
2026-04-22 14:50:27.714056,161,14,0.161
2026-04-22 14:50:29.859361,126,14,0.126
2026-04-22 14:50:32.007699,165,14,0.165
2026-04-22 14:50:34.167747,165,14,0.165
2026-04-22 14:50:36.334583,125,14,0.125
2026-04-22 14:50:38.502329,114,14,0.11399999999999999
2026-04-22 14:50:40.655871,70,14,0.06999999999999998
2026-04-22 14:50:42.809673,124,14,0.124
2026-04-22 14:50:44.960741,78,14,0.07799999999999999
2026-04-22 14:50:47.122098,144,14,0.144
2026-04-22 14:50:49.264069,69,14,0.06899999999999998
2026-04-22 14:50:51.391882,64,14,0.06399999999999999
2026-04-22 14:50:53.563839,158,14,0.158
2026-04-22 14:50:55.722546,173,14,0.173
2026-04-22 14:50:57.862945,145,14,0.145
2026-04-22 14:51:00.005108,161,14,0.161
2026-04-22 14:51:02.158048,64,14,0.06399999999999999
2026-04-22 14:51:04.309819,154,14,0.154
2026-04-22 14:51:06.456760,151,14,0.151
2026-04-22 14:51:08.592625,120,14,0.12
2026-04-22 14:51:10.732297,89,14,0.08899999999999998
2026-04-22 14:51:12.881598,122,14,0.122
2026-04-22 14:51:15.022448,73,14,0.07299999999999998
2026-04-22 14:51:17.161382,69,14,0.06899999999999998
2026-04-22 14:51:19.319861,149,14,0.14900000000000002
2026-04-22 14:51:21.450876,148,14,0.14800000000000002
2026-04-22 14:51:23.597275,152,14,0.152
2026-04-22 14:51:25.757040,127,14,0.127
2026-04-22 14:51:27.910587,81,14,0.08099999999999999
2026-04-22 14:51:30.070056,170,14,0.17
2026-04-22 14:51:32.243445,119,14,0.119
2026-04-22 14:51:34.398668,71,14,0.07099999999999998
2026-04-22 14:51:36.556555,127,14,0.127
2026-04-22 14:51:38.690816,85,14,0.08499999999999999
2026-04-22 14:51:40.828600,50,14,0.049999999999999975
2026-04-22 14:51:42.963201,101,14,0.10099999999999999
2026-04-22 14:51:45.087360,140,14,0.14
2026-04-22 14:51:47.193770,51,14,0.050999999999999976
2026-04-22 14:51:49.314257,81,14,0.08099999999999999
2026-04-22 14:51:51.424480,94,14,0.09399999999999999
2026-04-22 14:51:53.552377,155,14,0.155
2026-04-22 14:51:55.674658,139,14,0.139
2026-04-22 14:51:57.791228,80,14,0.07999999999999999
2026-04-22 14:51:59.890816,153,14,0.153
2026-04-22 14:52:02.016475,175,14,0.175
2026-04-22 14:52:04.120047,61,14,0.06099999999999998
2026-04-22 14:52:06.240308,146,14,0.146
2026-04-22 14:52:08.342655,81,14,0.08099999999999999
2026-04-22 14:52:10.463398,130,14,0.13
2026-04-22 14:52:12.576859,106,14,0.10599999999999998
2026-04-22 14:52:14.700491,79,14,0.07899999999999999
2026-04-22 14:52:16.846128,109,14,0.10899999999999999
2026-04-22 14:52:18.975496,97,14,0.09699999999999999
2026-04-22 14:52:21.115719,139,14,0.139
2026-04-22 14:52:23.255721,59,14,0.05899999999999998
2026-04-22 14:52:25.397020,58,14,0.05799999999999998
2026-04-22 14:52:27.531049,163,14,0.16299999999999998
2026-04-22 14:52:29.670902,155,14,0.155
2026-04-22 14:52:31.831471,106,14,0.10599999999999998
2026-04-22 14:52:33.971129,176,14,0.176
2026-04-22 14:52:36.130757,124,14,0.124
2026-04-22 14:52:38.274215,97,14,0.09699999999999999
2026-04-22 14:52:40.418402,74,14,0.07399999999999998
2026-04-22 14:52:42.569320,51,14,0.050999999999999976
2026-04-22 14:52:44.740696,129,14,0.129
2026-04-22 14:52:46.859967,66,14,0.06599999999999998
2026-04-22 14:52:49.037442,136,14,0.136
2026-04-22 14:53:11.773031,73,14,0.07299999999999998
2026-04-22 14:53:14.371547,113,14,0.11299999999999999
2026-04-22 14:53:15.869073,0,14,-4.163336342344337e-17
2026-04-22 14:53:16.587306,120,14,0.12
2026-04-22 14:53:17.252361,50,14,0.049999999999999975
2026-04-22 14:53:18.796535,120,14,0.12
2026-04-22 14:53:19.445425,88,14,0.088
2026-04-22 14:53:21.005333,117,14,0.11699999999999999
2026-04-22 14:53:21.608212,128,14,0.128
2026-04-22 14:53:23.215661,117,14,0.11699999999999999
2026-04-22 14:53:23.802578,82,14,0.08199999999999999
2026-04-22 14:53:25.404018,123,14,0.123
2026-04-22 14:53:25.978353,139,14,0.139
2026-04-22 14:53:27.590176,140,14,0.14
2026-04-22 14:53:28.146293,117,14,0.11699999999999999
2026-04-22 14:53:29.769687,143,14,0.14300000000000002
2026-04-22 14:53:30.345813,110,14,0.10999999999999999
2026-04-22 14:53:31.956972,96,14,0.09599999999999999
2026-04-22 14:53:32.515361,167,14,0.167
2026-04-22 14:53:34.129425,71,14,0.07099999999999998
2026-04-22 14:53:34.682398,171,14,0.171
2026-04-22 14:53:36.313447,172,14,0.172
2026-04-22 14:53:36.840697,129,14,0.129
2026-04-22 14:53:38.505178,150,14,0.15000000000000002
2026-04-22 14:53:39.013930,62,14,0.06199999999999998
2026-04-22 14:53:40.687478,94,14,0.09399999999999999
2026-04-22 14:53:41.193800,65,14,0.06499999999999999
2026-04-22 14:53:42.871404,130,14,0.13
2026-04-22 14:53:43.377781,130,14,0.13
2026-04-22 14:53:45.039531,77,14,0.07699999999999999
2026-04-22 14:53:45.523296,126,14,0.126
2026-04-22 14:53:47.677428,100,14,0.09999999999999998
2026-04-22 14:53:49.874842,72,14,0.07199999999999998
2026-04-22 14:53:52.040962,64,14,0.06399999999999999
2026-04-22 14:53:54.203842,70,14,0.06999999999999998
2026-04-22 14:53:56.387907,103,14,0.10299999999999998
2026-04-22 14:53:58.566348,136,14,0.136
2026-04-22 14:54:00.747072,133,14,0.133
2026-04-22 14:54:02.917599,121,14,0.121
2026-04-22 14:54:05.096720,100,14,0.09999999999999998
2026-04-22 14:54:07.269237,57,14,0.05699999999999998
2026-04-22 14:54:09.470062,135,14,0.135
2026-04-22 14:54:11.639908,83,14,0.08299999999999999
2026-04-22 14:54:13.808736,171,14,0.171
2026-04-22 14:54:15.981102,106,14,0.10599999999999998
2026-04-22 14:54:18.142476,58,14,0.05799999999999998
2026-04-22 14:54:20.325630,90,14,0.08999999999999998
2026-04-22 14:54:22.499831,54,14,0.05399999999999998
2026-04-22 14:54:24.651503,50,14,0.049999999999999975
2026-04-22 14:54:26.868648,50,14,0.049999999999999975
2026-04-22 14:54:29.073075,113,14,0.11299999999999999
2026-04-22 14:54:31.252865,88,14,0.088
2026-04-22 14:54:33.437250,156,14,0.156
2026-04-22 14:54:35.623798,91,14,0.09099999999999998
2026-04-22 14:54:37.797505,140,14,0.14
2026-04-22 14:54:39.992589,78,14,0.07799999999999999
2026-04-22 14:54:42.174376,162,14,0.162
2026-04-22 14:54:44.395624,168,14,0.168
2026-04-22 14:54:46.607470,62,14,0.06199999999999998
2026-04-22 14:54:48.798583,169,14,0.169
2026-04-22 14:54:50.983588,134,14,0.134
2026-04-22 14:54:53.190517,117,14,0.11699999999999999
2026-04-22 14:54:55.400963,167,14,0.167
2026-04-22 14:54:57.589444,84,14,0.08399999999999999
2026-04-22 14:54:59.776217,64,14,0.06399999999999999
2026-04-22 14:55:01.959736,141,14,0.14100000000000001
2026-04-22 14:55:04.141506,70,14,0.06999999999999998
2026-04-22 14:55:06.331186,70,14,0.06999999999999998
2026-04-22 14:55:08.519261,175,14,0.175
2026-04-22 14:55:10.694979,89,14,0.08899999999999998
2026-04-22 14:55:12.853901,139,14,0.139
2026-04-22 14:55:15.028518,153,14,0.153
2026-04-22 14:55:17.225621,83,14,0.08299999999999999
2026-04-22 14:55:19.412271,76,14,0.07599999999999998
2026-04-22 14:55:21.607531,107,14,0.10699999999999998
2026-04-22 14:55:23.769300,128,14,0.128
2026-04-22 14:55:25.949026,116,14,0.11599999999999999
2026-04-22 14:55:28.134069,100,14,0.09999999999999998
2026-04-22 14:55:30.294464,52,14,0.05199999999999998
2026-04-22 14:55:32.487226,91,14,0.09099999999999998
2026-04-22 14:55:34.658412,121,14,0.121
2026-04-22 14:55:36.858169,73,14,0.07299999999999998
2026-04-22 14:55:39.022922,104,14,0.10399999999999998
2026-04-22 14:55:41.226735,179,14,0.179
2026-04-22 14:55:43.425229,84,14,0.08399999999999999
2026-04-22 14:55:45.636024,92,14,0.09199999999999998
2026-04-22 14:55:47.834896,124,14,0.124
2026-04-22 14:55:50.021287,148,14,0.14800000000000002
2026-04-22 14:55:52.196740,151,14,0.151
2026-04-22 14:55:54.372260,139,14,0.139
2026-04-22 14:55:56.528072,70,14,0.06999999999999998
2026-04-22 14:55:58.686947,92,14,0.09199999999999998
2026-04-22 14:56:00.856201,90,14,0.08999999999999998
2026-04-22 14:56:03.059164,97,14,0.09699999999999999
2026-04-22 14:56:05.240464,136,14,0.136
2026-04-22 14:56:07.408484,71,14,0.07099999999999998
2026-04-22 14:56:09.598406,52,14,0.05199999999999998
2026-04-22 14:56:11.765406,112,14,0.11199999999999999
2026-04-22 14:56:13.948040,142,14,0.14200000000000002
2026-04-22 14:56:16.130373,101,14,0.10099999999999999
2026-04-22 14:56:18.320447,109,14,0.10899999999999999
2026-04-22 14:56:20.507163,135,14,0.135
2026-04-22 14:56:22.706201,89,14,0.08899999999999998
2026-04-22 14:56:24.884454,95,14,0.09499999999999999
2026-04-22 14:56:27.048525,99,14,0.09899999999999999
2026-04-22 14:56:29.217099,88,14,0.088
2026-04-22 14:56:31.408338,81,14,0.08099999999999999
2026-04-22 14:56:33.611717,83,14,0.08299999999999999
2026-04-22 14:56:35.787589,121,14,0.121
2026-04-22 14:56:37.961919,97,14,0.09699999999999999
2026-04-22 14:56:40.125579,84,14,0.08399999999999999
2026-04-22 14:56:42.295716,143,14,0.14300000000000002
2026-04-22 14:56:44.460419,171,14,0.171
2026-04-22 14:56:46.596587,105,14,0.10499999999999998
2026-04-22 14:56:48.737661,62,14,0.06199999999999998
2026-04-22 14:56:50.868093,145,14,0.145
2026-04-22 14:56:53.026929,71,14,0.07099999999999998
2026-04-22 14:56:55.199318,93,14,0.09299999999999999
2026-04-22 14:56:57.379493,70,14,0.06999999999999998
2026-04-22 14:56:59.532349,143,14,0.14300000000000002
2026-04-22 14:57:01.718687,55,14,0.05499999999999998
2026-04-22 14:57:03.886020,118,14,0.118
2026-04-22 14:57:06.051122,149,14,0.14900000000000002
2026-04-22 14:57:08.232335,82,14,0.08199999999999999
2026-04-22 14:57:10.393735,108,14,0.10799999999999998
2026-04-22 14:57:12.549912,104,14,0.10399999999999998
2026-04-22 14:57:14.708650,138,14,0.138
2026-04-22 14:57:16.872473,139,14,0.139
2026-04-22 14:57:19.043667,70,14,0.06999999999999998
2026-04-22 14:57:21.210022,123,14,0.123
2026-04-22 14:57:23.384689,121,14,0.121
2026-04-22 14:57:25.567115,156,14,0.156
2026-04-22 14:57:27.744736,89,14,0.08899999999999998
2026-04-22 14:57:29.892365,153,14,0.153
2026-04-22 14:57:32.036877,168,14,0.168
2026-04-22 14:57:34.196132,168,14,0.168
2026-04-22 14:57:36.326914,133,14,0.133
2026-04-22 14:57:38.444914,75,14,0.07499999999999998
2026-04-22 14:57:40.704204,121,14,0.121
2026-04-22 14:57:42.877634,145,14,0.145
2026-04-22 14:57:45.070951,51,14,0.050999999999999976
2026-04-22 14:57:47.336187,167,14,0.167
2026-04-22 14:57:49.462400,53,14,0.05299999999999998
2026-04-22 14:57:51.602356,92,14,0.09199999999999998
2026-04-22 14:57:53.755175,113,14,0.11299999999999999
2026-04-22 14:57:55.914891,111,14,0.11099999999999999
2026-04-22 14:57:58.064540,91,14,0.09099999999999998
2026-04-22 14:58:00.207058,161,14,0.161
2026-04-22 14:58:02.400684,95,14,0.09499999999999999
2026-04-22 14:58:04.588889,127,14,0.127
2026-04-22 14:58:06.795732,60,14,0.059999999999999984
2026-04-22 14:58:08.999578,118,14,0.118
2026-04-22 14:58:11.171023,174,14,0.174
2026-04-22 14:58:13.340081,117,14,0.11699999999999999
2026-04-22 14:58:15.541376,107,14,0.10699999999999998
2026-04-22 14:58:17.722523,127,14,0.127
2026-04-22 14:58:19.860164,76,14,0.07599999999999998
2026-04-22 14:58:22.005802,112,14,0.11199999999999999
2026-04-22 14:58:24.172197,177,14,0.177
2026-04-22 14:58:26.367074,138,14,0.138
2026-04-22 14:58:28.538813,160,14,0.16
2026-04-22 14:58:30.732780,64,14,0.06399999999999999
2026-04-22 14:58:32.923581,164,14,0.164
2026-04-22 14:58:35.107089,75,14,0.07499999999999998
2026-04-22 14:58:37.295668,117,14,0.11699999999999999
2026-04-22 14:58:39.480192,145,14,0.145
2026-04-22 14:58:41.632804,89,14,0.08899999999999998
2026-04-22 14:58:43.793340,74,14,0.07399999999999998
2026-04-22 14:58:45.972058,162,14,0.162
2026-04-22 14:58:48.144909,109,14,0.10899999999999999
2026-04-22 14:58:50.319604,153,14,0.153
2026-04-22 14:58:52.501442,87,14,0.08699999999999998
2026-04-22 14:58:54.656269,160,14,0.16
2026-04-22 14:58:56.816296,132,14,0.132
2026-04-22 14:58:58.994012,172,14,0.172
2026-04-22 14:59:01.153990,64,14,0.06399999999999999
2026-04-22 14:59:03.344552,120,14,0.12
2026-04-22 14:59:05.509709,85,14,0.08499999999999999
2026-04-22 14:59:07.656753,103,14,0.10299999999999998
