timestamp,hour_of_day,power,energy
01-Jan-2025 00:00:00,0,12.8521815438594,0.0128521815438594
01-Jan-2025 01:00:00,1,14.3282597830624,0.0143282597830624
01-Jan-2025 02:00:00,2,68.8499645632253,0.0688499645632253
01-Jan-2025 03:00:00,3,5,0.005
01-Jan-2025 04:00:00,4,65.7755085702995,0.0657755085702995
01-Jan-2025 05:00:00,5,9.35376809897911,0.00935376809897911
01-Jan-2025 06:00:00,6,18.0701782380442,0.0180701782380442
01-Jan-2025 07:00:00,7,12.6510789318079,0.0126510789318079
01-Jan-2025 08:00:00,8,139.766119381344,0.139766119381344
01-Jan-2025 09:00:00,9,70.5433987649675,0.0705433987649675
01-Jan-2025 10:00:00,10,127.535925481902,0.127535925481902
01-Jan-2025 11:00:00,11,130.760455377896,0.130760455377896
01-Jan-2025 12:00:00,12,11.5141386425142,0.0115141386425142
01-Jan-2025 13:00:00,13,68.8336666220344,0.0688336666220344
01-Jan-2025 14:00:00,14,12.1528685098173,0.0121528685098173
01-Jan-2025 15:00:00,15,129.331132723193,0.129331132723193
01-Jan-2025 16:00:00,16,75.0248255924396,0.0750248255924396
01-Jan-2025 17:00:00,17,127.150375058569,0.127150375058569
01-Jan-2025 18:00:00,18,128.758442739048,0.128758442739048
01-Jan-2025 19:00:00,19,124.385643582491,0.124385643582491
01-Jan-2025 20:00:00,20,126.220807879023,0.126220807879023
01-Jan-2025 21:00:00,21,70.7424456818536,0.0707424456818536
01-Jan-2025 22:00:00,22,124.76456815613,0.12476456815613
01-Jan-2025 23:00:00,23,136.006532268217,0.136006532268217
02-Jan-2025 00:00:00,0,6.62041890141859,0.00662041890141859
02-Jan-2025 01:00:00,1,73.7609854025784,0.0737609854025784
02-Jan-2025 02:00:00,2,13.5201973256239,0.0135201973256239
02-Jan-2025 03:00:00,3,67.2692540728025,0.0672692540728025
02-Jan-2025 04:00:00,4,67.2769318785308,0.0672769318785308
02-Jan-2025 05:00:00,5,69.2160128862837,0.0692160128862837
02-Jan-2025 06:00:00,6,67.2789699494553,0.0672789699494553
02-Jan-2025 07:00:00,7,129.264119407606,0.129264119407606
02-Jan-2025 08:00:00,8,129.661868770539,0.129661868770539
02-Jan-2025 09:00:00,9,135.129404868925,0.135129404868925
02-Jan-2025 10:00:00,10,128.313033134409,0.128313033134409
02-Jan-2025 11:00:00,11,73.4997315745878,0.0734997315745878
02-Jan-2025 12:00:00,12,66.8620119654494,0.0668620119654494
02-Jan-2025 13:00:00,13,73.745923489277,0.073745923489277
02-Jan-2025 14:00:00,14,128.400797541091,0.128400797541091
02-Jan-2025 15:00:00,15,129.944140974353,0.129944140974353
02-Jan-2025 16:00:00,16,76.7751400828975,0.0767751400828975
02-Jan-2025 17:00:00,17,130.496247375347,0.130496247375347
02-Jan-2025 18:00:00,18,71.2923384647404,0.0712923384647404
02-Jan-2025 19:00:00,19,142.150314446242,0.142150314446242
02-Jan-2025 20:00:00,20,130.853481955358,0.130853481955358
02-Jan-2025 21:00:00,21,11.6242244545405,0.0116242244545405
02-Jan-2025 22:00:00,22,64.8710492225974,0.0648710492225974
02-Jan-2025 23:00:00,23,73.485556638071,0.073485556638071
03-Jan-2025 00:00:00,0,68.5923205078526,0.0685923205078526
03-Jan-2025 01:00:00,1,6.62163065669843,0.00662163065669843
03-Jan-2025 02:00:00,2,81.4569247743312,0.0814569247743312
03-Jan-2025 03:00:00,3,24.185935021652,0.024185935021652
03-Jan-2025 04:00:00,4,67.4511589295434,0.0674511589295434
03-Jan-2025 05:00:00,5,15.273611628176,0.015273611628176
03-Jan-2025 06:00:00,6,127.778254974109,0.127778254974109
03-Jan-2025 07:00:00,7,64.1445208773981,0.0641445208773981
03-Jan-2025 08:00:00,8,71.5044833545172,0.0715044833545172
03-Jan-2025 09:00:00,9,72.1982937944719,0.0721982937944719
03-Jan-2025 10:00:00,10,128.935759408439,0.128935759408439
03-Jan-2025 11:00:00,11,128.168159480538,0.128168159480538
03-Jan-2025 12:00:00,12,74.7717511273577,0.0747717511273577
03-Jan-2025 13:00:00,13,10.5302519406995,0.0105302519406995
03-Jan-2025 14:00:00,14,64.6516342261665,0.0646516342261665
03-Jan-2025 15:00:00,15,69.0324943952412,0.0690324943952412
03-Jan-2025 16:00:00,16,8.53560188399294,0.00853560188399293
03-Jan-2025 17:00:00,17,14.9162043303476,0.0149162043303476
03-Jan-2025 18:00:00,18,134.49754629731,0.13449754629731
03-Jan-2025 19:00:00,19,129.447328889935,0.129447328889935
03-Jan-2025 20:00:00,20,134.993385479295,0.134993385479295
03-Jan-2025 21:00:00,21,130.713270059523,0.130713270059523
03-Jan-2025 22:00:00,22,66.8230095547612,0.0668230095547612
03-Jan-2025 23:00:00,23,73.3980590691518,0.0733980590691518
04-Jan-2025 00:00:00,0,75.3572513677303,0.0753572513677303
04-Jan-2025 01:00:00,1,10.2627634584017,0.0102627634584017
04-Jan-2025 02:00:00,2,133.625703871687,0.133625703871687
04-Jan-2025 03:00:00,3,65.2691476691881,0.0652691476691881
04-Jan-2025 04:00:00,4,68.238716880971,0.068238716880971
04-Jan-2025 05:00:00,5,71.1845164814682,0.0711845164814682
04-Jan-2025 06:00:00,6,68.7569367298527,0.0687569367298527
04-Jan-2025 07:00:00,7,71.1862253430516,0.0711862253430516
04-Jan-2025 08:00:00,8,73.3020571314707,0.0733020571314707
04-Jan-2025 09:00:00,9,68.2730334923463,0.0682730334923463
04-Jan-2025 10:00:00,10,8.21492675637085,0.00821492675637085
04-Jan-2025 11:00:00,11,67.7760552652211,0.0677760552652211
04-Jan-2025 12:00:00,12,70.7289086935368,0.0707289086935368
04-Jan-2025 13:00:00,13,126.912283132638,0.126912283132638
04-Jan-2025 14:00:00,14,67.385876224828,0.067385876224828
04-Jan-2025 15:00:00,15,63.0240601613633,0.0630240601613633
04-Jan-2025 16:00:00,16,127.118310484024,0.127118310484024
04-Jan-2025 17:00:00,17,71.3084441391389,0.0713084441391389
04-Jan-2025 18:00:00,18,131.895069169981,0.131895069169981
04-Jan-2025 19:00:00,19,131.00479078752,0.13100479078752
04-Jan-2025 20:00:00,20,125.532620010814,0.125532620010814
04-Jan-2025 21:00:00,21,126.688991206919,0.126688991206919
04-Jan-2025 22:00:00,22,68.5564171129616,0.0685564171129616
04-Jan-2025 23:00:00,23,126.856525035372,0.126856525035373
05-Jan-2025 00:00:00,0,9.29084639335559,0.00929084639335559
05-Jan-2025 01:00:00,1,7.35936729938417,0.00735936729938417
05-Jan-2025 02:00:00,2,75.6004200506236,0.0756004200506236
05-Jan-2025 03:00:00,3,69.3504771833224,0.0693504771833224
05-Jan-2025 04:00:00,4,11.517170013779,0.011517170013779
05-Jan-2025 05:00:00,5,10.5787762795766,0.0105787762795766
05-Jan-2025 06:00:00,6,131.193960458009,0.131193960458009
05-Jan-2025 07:00:00,7,71.2844605979994,0.0712844605979994
05-Jan-2025 08:00:00,8,11.935646603052,0.011935646603052
05-Jan-2025 09:00:00,9,135.084571536127,0.135084571536127
05-Jan-2025 10:00:00,10,133.321090503454,0.133321090503454
05-Jan-2025 11:00:00,11,130.898641527098,0.130898641527098
05-Jan-2025 12:00:00,12,63.6450416609179,0.0636450416609179
05-Jan-2025 13:00:00,13,129.048581693915,0.129048581693915
05-Jan-2025 14:00:00,14,144.726728231106,0.144726728231106
05-Jan-2025 15:00:00,15,67.7122790025916,0.0677122790025916
05-Jan-2025 16:00:00,16,7.16124302916853,0.00716124302916853
05-Jan-2025 17:00:00,17,133.585030698417,0.133585030698417
05-Jan-2025 18:00:00,18,69.3285233570856,0.0693285233570856
05-Jan-2025 19:00:00,19,128.109699688656,0.128109699688656
05-Jan-2025 20:00:00,20,132.921186238365,0.132921186238365
05-Jan-2025 21:00:00,21,11.4754752812073,0.0114754752812073
05-Jan-2025 22:00:00,22,8.06756232665226,0.00806756232665226
05-Jan-2025 23:00:00,23,67.5526856830969,0.0675526856830969
06-Jan-2025 00:00:00,0,66.0654371965069,0.066065437196507
06-Jan-2025 01:00:00,1,70.034153675559,0.070034153675559
06-Jan-2025 02:00:00,2,6.62770671792104,0.00662770671792104
06-Jan-2025 03:00:00,3,5,0.005
06-Jan-2025 04:00:00,4,13.9929373409736,0.0139929373409736
06-Jan-2025 05:00:00,5,24.6164987753677,0.0246164987753677
06-Jan-2025 06:00:00,6,9.32531945084849,0.00932531945084849
06-Jan-2025 07:00:00,7,135.967859480702,0.135967859480702
06-Jan-2025 08:00:00,8,74.2661256849212,0.0742661256849212
06-Jan-2025 09:00:00,9,134.718580356077,0.134718580356077
06-Jan-2025 10:00:00,10,65.5896697039061,0.0655896697039061
06-Jan-2025 11:00:00,11,63.1204857681761,0.0631204857681761
06-Jan-2025 12:00:00,12,73.6378347884053,0.0736378347884053
06-Jan-2025 13:00:00,13,137.366907919997,0.137366907919997
06-Jan-2025 14:00:00,14,129.341688011894,0.129341688011894
06-Jan-2025 15:00:00,15,63.7485629113368,0.0637485629113368
06-Jan-2025 16:00:00,16,14.2590571937734,0.0142590571937734
06-Jan-2025 17:00:00,17,125.966247667072,0.125966247667072
06-Jan-2025 18:00:00,18,128.395930605329,0.128395930605329
06-Jan-2025 19:00:00,19,133.622636632016,0.133622636632016
06-Jan-2025 20:00:00,20,124.518219668389,0.124518219668389
06-Jan-2025 21:00:00,21,72.7321528458812,0.0727321528458812
06-Jan-2025 22:00:00,22,130.192202734702,0.130192202734702
06-Jan-2025 23:00:00,23,67.148798762352,0.067148798762352
07-Jan-2025 00:00:00,0,73.8432432466547,0.0738432432466547
07-Jan-2025 01:00:00,1,8.16825802830859,0.00816825802830859
07-Jan-2025 02:00:00,2,12.394313368064,0.012394313368064
07-Jan-2025 03:00:00,3,64.3042702681425,0.0643042702681425
07-Jan-2025 04:00:00,4,11.9806289759514,0.0119806289759514
07-Jan-2025 05:00:00,5,14.0873399512457,0.0140873399512457
07-Jan-2025 06:00:00,6,73.3627935733489,0.0733627935733489
07-Jan-2025 07:00:00,7,66.5506790016684,0.0665506790016684
07-Jan-2025 08:00:00,8,15.6624677974419,0.0156624677974419
07-Jan-2025 09:00:00,9,128.821262160446,0.128821262160446
07-Jan-2025 10:00:00,10,67.585577990707,0.067585577990707
07-Jan-2025 11:00:00,11,10.564384741831,0.010564384741831
07-Jan-2025 12:00:00,12,5,0.005
07-Jan-2025 13:00:00,13,68.9830120843416,0.0689830120843416
07-Jan-2025 14:00:00,14,5,0.005
07-Jan-2025 15:00:00,15,11.1309818350416,0.0111309818350416
07-Jan-2025 16:00:00,16,12.7542741261233,0.0127542741261233
07-Jan-2025 17:00:00,17,132.089496539398,0.132089496539398
07-Jan-2025 18:00:00,18,69.5873204389292,0.0695873204389292
07-Jan-2025 19:00:00,19,125.286652476897,0.125286652476897
07-Jan-2025 20:00:00,20,132.342935053172,0.132342935053172
07-Jan-2025 21:00:00,21,127.279876637705,0.127279876637705
07-Jan-2025 22:00:00,22,12.462499484812,0.012462499484812
07-Jan-2025 23:00:00,23,5,0.005
08-Jan-2025 00:00:00,0,5,0.005
08-Jan-2025 01:00:00,1,66.3815676852805,0.0663815676852805
08-Jan-2025 02:00:00,2,69.5945530932173,0.0695945530932173
08-Jan-2025 03:00:00,3,11.0028111792258,0.0110028111792258
08-Jan-2025 04:00:00,4,8.4347811248836,0.0084347811248836
08-Jan-2025 05:00:00,5,9.26383286111419,0.00926383286111419
08-Jan-2025 06:00:00,6,10.2709815823062,0.0102709815823062
08-Jan-2025 07:00:00,7,71.8342737845375,0.0718342737845375
08-Jan-2025 08:00:00,8,72.0893320447974,0.0720893320447974
08-Jan-2025 09:00:00,9,133.471326116563,0.133471326116563
08-Jan-2025 10:00:00,10,18.6163274859345,0.0186163274859345
08-Jan-2025 11:00:00,11,73.8525658632121,0.0738525658632121
08-Jan-2025 12:00:00,12,69.7141820500084,0.0697141820500084
08-Jan-2025 13:00:00,13,9.97103432575779,0.00997103432575779
08-Jan-2025 14:00:00,14,69.3467366986065,0.0693467366986065
08-Jan-2025 15:00:00,15,13.3301703547109,0.0133301703547109
08-Jan-2025 16:00:00,16,129.971771956316,0.129971771956316
08-Jan-2025 17:00:00,17,130.733261557611,0.130733261557611
08-Jan-2025 18:00:00,18,129.940203431467,0.129940203431467
08-Jan-2025 19:00:00,19,138.51409411731,0.13851409411731
08-Jan-2025 20:00:00,20,135.951189332153,0.135951189332153
08-Jan-2025 21:00:00,21,129.654856802335,0.129654856802335
08-Jan-2025 22:00:00,22,66.0304967865903,0.0660304967865903
08-Jan-2025 23:00:00,23,68.4419085041749,0.0684419085041749
09-Jan-2025 00:00:00,0,69.9267292762645,0.0699267292762645
09-Jan-2025 01:00:00,1,6.21225904519546,0.00621225904519546
09-Jan-2025 02:00:00,2,67.9025677905368,0.0679025677905368
09-Jan-2025 03:00:00,3,10.1991678928556,0.0101991678928556
09-Jan-2025 04:00:00,4,5,0.005
09-Jan-2025 05:00:00,5,10.4971592110022,0.0104971592110022
09-Jan-2025 06:00:00,6,69.9895613153962,0.0699895613153962
09-Jan-2025 07:00:00,7,70.0204470759168,0.0700204470759168
09-Jan-2025 08:00:00,8,133.432517821814,0.133432517821814
09-Jan-2025 09:00:00,9,14.2724316006254,0.0142724316006254
09-Jan-2025 10:00:00,10,66.1280663924574,0.0661280663924574
09-Jan-2025 11:00:00,11,129.83222705079,0.12983222705079
09-Jan-2025 12:00:00,12,16.9149096000582,0.0169149096000582
09-Jan-2025 13:00:00,13,5.09894824180898,0.00509894824180898
09-Jan-2025 14:00:00,14,15.0630178707286,0.0150630178707286
09-Jan-2025 15:00:00,15,7.85120134530978,0.00785120134530978
09-Jan-2025 16:00:00,16,75.0616305197783,0.0750616305197783
09-Jan-2025 17:00:00,17,135.672310769256,0.135672310769256
09-Jan-2025 18:00:00,18,131.299085043694,0.131299085043694
09-Jan-2025 19:00:00,19,71.4474259738,0.0714474259738
09-Jan-2025 20:00:00,20,125.43550842164,0.12543550842164
09-Jan-2025 21:00:00,21,130.964725125733,0.130964725125733
09-Jan-2025 22:00:00,22,130.879360471429,0.130879360471429
09-Jan-2025 23:00:00,23,67.4151284736755,0.0674151284736755
10-Jan-2025 00:00:00,0,68.6323987319913,0.0686323987319913
10-Jan-2025 01:00:00,1,16.8075078791957,0.0168075078791956
10-Jan-2025 02:00:00,2,73.4638850970429,0.0734638850970429
10-Jan-2025 03:00:00,3,70.2145753531893,0.0702145753531893
10-Jan-2025 04:00:00,4,130.550541657773,0.130550541657773
10-Jan-2025 05:00:00,5,63.9562653019308,0.0639562653019308
10-Jan-2025 06:00:00,6,9.14735487584861,0.00914735487584861
10-Jan-2025 07:00:00,7,128.630031998031,0.128630031998031
10-Jan-2025 08:00:00,8,70.3579509894219,0.0703579509894219
10-Jan-2025 09:00:00,9,125.657270381993,0.125657270381993
10-Jan-2025 10:00:00,10,134.521808071369,0.134521808071369
10-Jan-2025 11:00:00,11,5,0.005
10-Jan-2025 12:00:00,12,83.8275929528448,0.0838275929528448
10-Jan-2025 13:00:00,13,14.3876224668647,0.0143876224668647
10-Jan-2025 14:00:00,14,5,0.005
10-Jan-2025 15:00:00,15,128.88107391926,0.12888107391926
10-Jan-2025 16:00:00,16,130.623486718501,0.130623486718501
10-Jan-2025 17:00:00,17,72.0709724167287,0.0720709724167287
10-Jan-2025 18:00:00,18,71.1330767878726,0.0711330767878726
10-Jan-2025 19:00:00,19,70.3333901886656,0.0703333901886656
10-Jan-2025 20:00:00,20,131.592962136311,0.131592962136311
10-Jan-2025 21:00:00,21,134.828684783539,0.134828684783539
10-Jan-2025 22:00:00,22,70.0333820942036,0.0700333820942036
10-Jan-2025 23:00:00,23,71.2688839795617,0.0712688839795616
11-Jan-2025 00:00:00,0,11.774225975189,0.011774225975189
11-Jan-2025 01:00:00,1,72.5140760357431,0.0725140760357431
11-Jan-2025 02:00:00,2,12.0572443661812,0.0120572443661812
11-Jan-2025 03:00:00,3,8.29298135405711,0.00829298135405711
11-Jan-2025 04:00:00,4,9.99367840774698,0.00999367840774698
11-Jan-2025 05:00:00,5,7.21806285808097,0.00721806285808097
11-Jan-2025 06:00:00,6,128.757485037927,0.128757485037927
11-Jan-2025 07:00:00,7,66.3773860061086,0.0663773860061086
11-Jan-2025 08:00:00,8,12.2895800992303,0.0122895800992303
11-Jan-2025 09:00:00,9,135.859736989016,0.135859736989016
11-Jan-2025 10:00:00,10,73.5805164996589,0.0735805164996589
11-Jan-2025 11:00:00,11,13.7021044825895,0.0137021044825895
11-Jan-2025 12:00:00,12,73.3125019154577,0.0733125019154577
11-Jan-2025 13:00:00,13,74.7679331765404,0.0747679331765404
11-Jan-2025 14:00:00,14,125.428723391844,0.125428723391844
11-Jan-2025 15:00:00,15,136.9837196133,0.1369837196133
11-Jan-2025 16:00:00,16,26.4696793387589,0.0264696793387589
11-Jan-2025 17:00:00,17,128.985894214004,0.128985894214004
11-Jan-2025 18:00:00,18,127.498056882295,0.127498056882295
11-Jan-2025 19:00:00,19,131.764391168762,0.131764391168762
11-Jan-2025 20:00:00,20,129.037747456519,0.129037747456519
11-Jan-2025 21:00:00,21,132.606823702869,0.132606823702869
11-Jan-2025 22:00:00,22,135.514644506757,0.135514644506757
11-Jan-2025 23:00:00,23,72.1154705124257,0.0721154705124257
12-Jan-2025 00:00:00,0,5,0.005
12-Jan-2025 01:00:00,1,5.97027410102146,0.00597027410102146
12-Jan-2025 02:00:00,2,12.399943418845,0.012399943418845
12-Jan-2025 03:00:00,3,73.0723608569575,0.0730723608569575
12-Jan-2025 04:00:00,4,9.26682615953957,0.00926682615953957
12-Jan-2025 05:00:00,5,15.420600021386,0.015420600021386
12-Jan-2025 06:00:00,6,13.0640128992052,0.0130640128992052
12-Jan-2025 07:00:00,7,70.3441107931105,0.0703441107931106
12-Jan-2025 08:00:00,8,63.0750476713092,0.0630750476713092
12-Jan-2025 09:00:00,9,66.4193281092411,0.0664193281092411
12-Jan-2025 10:00:00,10,67.0403773406452,0.0670403773406452
12-Jan-2025 11:00:00,11,126.800327879565,0.126800327879565
12-Jan-2025 12:00:00,12,70.6243491865726,0.0706243491865726
12-Jan-2025 13:00:00,13,64.4360426302395,0.0644360426302395
12-Jan-2025 14:00:00,14,8.93186355342421,0.00893186355342421
12-Jan-2025 15:00:00,15,11.845533629885,0.011845533629885
12-Jan-2025 16:00:00,16,69.1615837440144,0.0691615837440144
12-Jan-2025 17:00:00,17,127.748199637066,0.127748199637066
12-Jan-2025 18:00:00,18,127.559091304489,0.127559091304489
12-Jan-2025 19:00:00,19,129.670846477813,0.129670846477813
12-Jan-2025 20:00:00,20,66.7456927859078,0.0667456927859078
12-Jan-2025 21:00:00,21,126.20103897645,0.12620103897645
12-Jan-2025 22:00:00,22,8.70746698159929,0.00870746698159929
12-Jan-2025 23:00:00,23,13.6988462151204,0.0136988462151204
13-Jan-2025 00:00:00,0,72.3503965850577,0.0723503965850577
13-Jan-2025 01:00:00,1,72.4286108238198,0.0724286108238198
13-Jan-2025 02:00:00,2,5.12195404439289,0.00512195404439289
13-Jan-2025 03:00:00,3,7.71696325887195,0.00771696325887195
13-Jan-2025 04:00:00,4,15.5608636374738,0.0155608636374738
13-Jan-2025 05:00:00,5,67.4355631411784,0.0674355631411784
13-Jan-2025 06:00:00,6,134.125101533942,0.134125101533942
13-Jan-2025 07:00:00,7,70.4794831459845,0.0704794831459845
13-Jan-2025 08:00:00,8,66.3290001787414,0.0663290001787414
13-Jan-2025 09:00:00,9,12.8685191202353,0.0128685191202353
13-Jan-2025 10:00:00,10,126.594680858692,0.126594680858692
13-Jan-2025 11:00:00,11,67.468646002166,0.067468646002166
13-Jan-2025 12:00:00,12,5,0.005
13-Jan-2025 13:00:00,13,126.579501669841,0.126579501669841
13-Jan-2025 14:00:00,14,68.4362093554623,0.0684362093554623
13-Jan-2025 15:00:00,15,16.3027794682301,0.0163027794682301
13-Jan-2025 16:00:00,16,73.4172295330864,0.0734172295330864
13-Jan-2025 17:00:00,17,147.130712547504,0.147130712547504
13-Jan-2025 18:00:00,18,134.370724322669,0.134370724322669
13-Jan-2025 19:00:00,19,136.168336114562,0.136168336114562
13-Jan-2025 20:00:00,20,128.613914365455,0.128613914365455
13-Jan-2025 21:00:00,21,130.036343481702,0.130036343481702
13-Jan-2025 22:00:00,22,71.0302342783177,0.0710302342783177
13-Jan-2025 23:00:00,23,134.124164325455,0.134124164325455
14-Jan-2025 00:00:00,0,13.4167799354033,0.0134167799354033
14-Jan-2025 01:00:00,1,6.51752986394451,0.00651752986394451
14-Jan-2025 02:00:00,2,66.0486885405073,0.0660486885405073
14-Jan-2025 03:00:00,3,6.37917972056597,0.00637917972056597
14-Jan-2025 04:00:00,4,5,0.005
14-Jan-2025 05:00:00,5,9.44131466604249,0.00944131466604249
14-Jan-2025 06:00:00,6,128.499448678245,0.128499448678245
14-Jan-2025 07:00:00,7,129.937838515726,0.129937838515726
14-Jan-2025 08:00:00,8,126.165478981001,0.126165478981001
14-Jan-2025 09:00:00,9,76.1128802785221,0.0761128802785221
14-Jan-2025 10:00:00,10,73.5783998129647,0.0735783998129647
14-Jan-2025 11:00:00,11,6.50926264067066,0.00650926264067066
14-Jan-2025 12:00:00,12,70.8116676516019,0.0708116676516019
14-Jan-2025 13:00:00,13,127.707393896722,0.127707393896722
14-Jan-2025 14:00:00,14,74.8223761455167,0.0748223761455167
14-Jan-2025 15:00:00,15,131.946032914654,0.131946032914654
14-Jan-2025 16:00:00,16,69.8792164265591,0.0698792164265591
14-Jan-2025 17:00:00,17,125.036028181605,0.125036028181605
14-Jan-2025 18:00:00,18,132.5048830536,0.1325048830536
14-Jan-2025 19:00:00,19,68.5928900953448,0.0685928900953448
14-Jan-2025 20:00:00,20,135.802919853478,0.135802919853479
14-Jan-2025 21:00:00,21,133.565188962887,0.133565188962887
14-Jan-2025 22:00:00,22,71.3926704937088,0.0713926704937088
14-Jan-2025 23:00:00,23,66.1427724981363,0.0661427724981363
15-Jan-2025 00:00:00,0,66.7427723047246,0.0667427723047246
15-Jan-2025 01:00:00,1,9.4152530701528,0.0094152530701528
15-Jan-2025 02:00:00,2,11.8726142229404,0.0118726142229404
15-Jan-2025 03:00:00,3,67.5710674396666,0.0675710674396666
15-Jan-2025 04:00:00,4,10.3976696407706,0.0103976696407706
15-Jan-2025 05:00:00,5,68.5777431066133,0.0685777431066133
15-Jan-2025 06:00:00,6,63.3080688702588,0.0633080688702588
15-Jan-2025 07:00:00,7,75.5492106155789,0.0755492106155789
15-Jan-2025 08:00:00,8,135.040189969393,0.135040189969393
15-Jan-2025 09:00:00,9,7.74938702973677,0.00774938702973677
15-Jan-2025 10:00:00,10,5,0.005
15-Jan-2025 11:00:00,11,67.0861110489869,0.0670861110489869
15-Jan-2025 12:00:00,12,74.0769499853824,0.0740769499853824
15-Jan-2025 13:00:00,13,65.2213176400416,0.0652213176400416
15-Jan-2025 14:00:00,14,133.506741628859,0.133506741628859
15-Jan-2025 15:00:00,15,73.1738738446107,0.0731738738446107
15-Jan-2025 16:00:00,16,8.15919339893256,0.00815919339893256
15-Jan-2025 17:00:00,17,137.789066950954,0.137789066950954
15-Jan-2025 18:00:00,18,129.482273373504,0.129482273373504
15-Jan-2025 19:00:00,19,73.0789476659753,0.0730789476659753
15-Jan-2025 20:00:00,20,130.458996123513,0.130458996123513
15-Jan-2025 21:00:00,21,127.059229667509,0.127059229667509
15-Jan-2025 22:00:00,22,72.3221151604339,0.0723221151604339
15-Jan-2025 23:00:00,23,72.5289338625553,0.0725289338625554
16-Jan-2025 00:00:00,0,12.0707806026834,0.0120707806026834
16-Jan-2025 01:00:00,1,65.4196220334812,0.0654196220334812
16-Jan-2025 02:00:00,2,69.0441813771633,0.0690441813771633
16-Jan-2025 03:00:00,3,70.9996709860457,0.0709996709860457
16-Jan-2025 04:00:00,4,6.52909273909551,0.00652909273909551
16-Jan-2025 05:00:00,5,7.5282013092042,0.0075282013092042
16-Jan-2025 06:00:00,6,72.4762969519979,0.0724762969519979
16-Jan-2025 07:00:00,7,67.9328723279674,0.0679328723279674
16-Jan-2025 08:00:00,8,124.014532959741,0.124014532959741
16-Jan-2025 09:00:00,9,73.8097317949816,0.0738097317949816
16-Jan-2025 10:00:00,10,86.1472171157974,0.0861472171157974
16-Jan-2025 11:00:00,11,67.7922667332781,0.0677922667332781
16-Jan-2025 12:00:00,12,88.6076092002241,0.0886076092002241
16-Jan-2025 13:00:00,13,72.1840443814381,0.0721840443814381
16-Jan-2025 14:00:00,14,133.496644026955,0.133496644026955
16-Jan-2025 15:00:00,15,66.7280819912217,0.0667280819912217
16-Jan-2025 16:00:00,16,72.9567280748745,0.0729567280748745
16-Jan-2025 17:00:00,17,75.875002619162,0.075875002619162
16-Jan-2025 18:00:00,18,129.13630191942,0.12913630191942
16-Jan-2025 19:00:00,19,129.086110162271,0.129086110162271
16-Jan-2025 20:00:00,20,134.705524730898,0.134705524730898
16-Jan-2025 21:00:00,21,128.946354602615,0.128946354602615
16-Jan-2025 22:00:00,22,8.13990165103483,0.00813990165103483
16-Jan-2025 23:00:00,23,129.692789884677,0.129692789884677
17-Jan-2025 00:00:00,0,10.4367013258083,0.0104367013258083
17-Jan-2025 01:00:00,1,69.9756805433215,0.0699756805433215
17-Jan-2025 02:00:00,2,9.29503225010752,0.00929503225010752
17-Jan-2025 03:00:00,3,7.31676281919786,0.00731676281919786
17-Jan-2025 04:00:00,4,74.872994514636,0.074872994514636
17-Jan-2025 05:00:00,5,69.1061733409388,0.0691061733409388
17-Jan-2025 06:00:00,6,67.1641780756829,0.0671641780756829
17-Jan-2025 07:00:00,7,134.701719869611,0.134701719869611
17-Jan-2025 08:00:00,8,74.8051361272307,0.0748051361272307
17-Jan-2025 09:00:00,9,78.2061103041712,0.0782061103041712
17-Jan-2025 10:00:00,10,70.2792961739113,0.0702792961739113
17-Jan-2025 11:00:00,11,14.2660989738779,0.0142660989738779
17-Jan-2025 12:00:00,12,126.615127038205,0.126615127038205
17-Jan-2025 13:00:00,13,75.8672699032273,0.0758672699032273
17-Jan-2025 14:00:00,14,67.0219689446697,0.0670219689446697
17-Jan-2025 15:00:00,15,134.199959699069,0.134199959699069
17-Jan-2025 16:00:00,16,63.2153894986734,0.0632153894986734
17-Jan-2025 17:00:00,17,132.570196121297,0.132570196121297
17-Jan-2025 18:00:00,18,75.8062914777071,0.0758062914777071
17-Jan-2025 19:00:00,19,132.855916079811,0.132855916079811
17-Jan-2025 20:00:00,20,132.83573242173,0.13283573242173
17-Jan-2025 21:00:00,21,131.670666605358,0.131670666605358
17-Jan-2025 22:00:00,22,5.34889754831694,0.00534889754831694
17-Jan-2025 23:00:00,23,64.2144262257448,0.0642144262257448
18-Jan-2025 00:00:00,0,23.6302000726229,0.0236302000726229
18-Jan-2025 01:00:00,1,68.5558828342557,0.0685558828342557
18-Jan-2025 02:00:00,2,24.433520223395,0.024433520223395
18-Jan-2025 03:00:00,3,67.8838020312664,0.0678838020312664
18-Jan-2025 04:00:00,4,9.21194783207675,0.00921194783207675
18-Jan-2025 05:00:00,5,70.0378963477696,0.0700378963477696
18-Jan-2025 06:00:00,6,13.002829289119,0.013002829289119
18-Jan-2025 07:00:00,7,6.07325191408178,0.00607325191408178
18-Jan-2025 08:00:00,8,126.609888341209,0.126609888341209
18-Jan-2025 09:00:00,9,65.929415808187,0.065929415808187
18-Jan-2025 10:00:00,10,72.4410420101889,0.0724410420101888
18-Jan-2025 11:00:00,11,66.1931724414983,0.0661931724414983
18-Jan-2025 12:00:00,12,129.900811503482,0.129900811503482
18-Jan-2025 13:00:00,13,131.300574102125,0.131300574102125
18-Jan-2025 14:00:00,14,15.3690178980841,0.0153690178980841
18-Jan-2025 15:00:00,15,70.9854493937513,0.0709854493937513
18-Jan-2025 16:00:00,16,65.5257129000942,0.0655257129000942
18-Jan-2025 17:00:00,17,130.797987122478,0.130797987122478
18-Jan-2025 18:00:00,18,134.872002683774,0.134872002683774
18-Jan-2025 19:00:00,19,134.796723925642,0.134796723925642
18-Jan-2025 20:00:00,20,126.260221009187,0.126260221009187
18-Jan-2025 21:00:00,21,72.741094761842,0.072741094761842
18-Jan-2025 22:00:00,22,6.9533341776587,0.0069533341776587
18-Jan-2025 23:00:00,23,133.826482368968,0.133826482368968
19-Jan-2025 00:00:00,0,67.7635127754409,0.0677635127754409
19-Jan-2025 01:00:00,1,73.7789550027893,0.0737789550027893
19-Jan-2025 02:00:00,2,14.5486642833133,0.0145486642833133
19-Jan-2025 03:00:00,3,68.5041141477714,0.0685041141477714
19-Jan-2025 04:00:00,4,72.2774465717898,0.0722774465717898
19-Jan-2025 05:00:00,5,67.5886319500343,0.0675886319500343
19-Jan-2025 06:00:00,6,67.7449677584922,0.0677449677584922
19-Jan-2025 07:00:00,7,129.585987001252,0.129585987001252
19-Jan-2025 08:00:00,8,68.5774948324925,0.0685774948324925
19-Jan-2025 09:00:00,9,72.2929935543203,0.0722929935543203
19-Jan-2025 10:00:00,10,123.797449716079,0.123797449716079
19-Jan-2025 11:00:00,11,13.8503321778184,0.0138503321778184
19-Jan-2025 12:00:00,12,8.79529520054846,0.00879529520054846
19-Jan-2025 13:00:00,13,70.3043433515962,0.0703043433515962
19-Jan-2025 14:00:00,14,72.3277935512085,0.0723277935512085
19-Jan-2025 15:00:00,15,66.9915110754549,0.0669915110754549
19-Jan-2025 16:00:00,16,17.6007439987274,0.0176007439987274
19-Jan-2025 17:00:00,17,127.296327280382,0.127296327280382
19-Jan-2025 18:00:00,18,127.742918190841,0.127742918190841
19-Jan-2025 19:00:00,19,138.114393708148,0.138114393708148
19-Jan-2025 20:00:00,20,128.507712683643,0.128507712683643
19-Jan-2025 21:00:00,21,132.986517472054,0.132986517472054
19-Jan-2025 22:00:00,22,75.1144501626461,0.075114450162646
19-Jan-2025 23:00:00,23,71.8762127928873,0.0718762127928873
20-Jan-2025 00:00:00,0,6.38466416352164,0.00638466416352164
20-Jan-2025 01:00:00,1,5,0.005
20-Jan-2025 02:00:00,2,8.09921035877986,0.00809921035877986
20-Jan-2025 03:00:00,3,8.0470560420484,0.0080470560420484
20-Jan-2025 04:00:00,4,12.6705008012444,0.0126705008012444
20-Jan-2025 05:00:00,5,25.672455148549,0.025672455148549
20-Jan-2025 06:00:00,6,69.9842995410156,0.0699842995410156
20-Jan-2025 07:00:00,7,137.290137382478,0.137290137382478
20-Jan-2025 08:00:00,8,69.6145754744086,0.0696145754744086
20-Jan-2025 09:00:00,9,138.734851730116,0.138734851730116
20-Jan-2025 10:00:00,10,10.1176578732207,0.0101176578732207
20-Jan-2025 11:00:00,11,18.3848804479781,0.0183848804479781
20-Jan-2025 12:00:00,12,10.8097321279048,0.0108097321279048
20-Jan-2025 13:00:00,13,66.1710072706506,0.0661710072706506
20-Jan-2025 14:00:00,14,14.5694774547752,0.0145694774547752
20-Jan-2025 15:00:00,15,69.0613166639398,0.0690613166639398
20-Jan-2025 16:00:00,16,130.580560173868,0.130580560173868
20-Jan-2025 17:00:00,17,129.631788526358,0.129631788526358
20-Jan-2025 18:00:00,18,130.965254267524,0.130965254267524
20-Jan-2025 19:00:00,19,125.264893617416,0.125264893617416
20-Jan-2025 20:00:00,20,136.160373296354,0.136160373296354
20-Jan-2025 21:00:00,21,133.494439633427,0.133494439633427
20-Jan-2025 22:00:00,22,12.3852012328136,0.0123852012328136
20-Jan-2025 23:00:00,23,68.2570312217265,0.0682570312217265
21-Jan-2025 00:00:00,0,72.0065193962098,0.0720065193962098
21-Jan-2025 01:00:00,1,129.079960750953,0.129079960750953
21-Jan-2025 02:00:00,2,8.31634812379543,0.00831634812379542
21-Jan-2025 03:00:00,3,67.555415836959,0.067555415836959
21-Jan-2025 04:00:00,4,17.9306936470174,0.0179306936470174
21-Jan-2025 05:00:00,5,5,0.005
21-Jan-2025 06:00:00,6,67.0609403054137,0.0670609403054137
21-Jan-2025 07:00:00,7,67.2558909032381,0.0672558909032381
21-Jan-2025 08:00:00,8,67.0481557492243,0.0670481557492243
21-Jan-2025 09:00:00,9,29.2630885273529,0.0292630885273529
21-Jan-2025 10:00:00,10,126.813084578574,0.126813084578574
21-Jan-2025 11:00:00,11,9.64153876075981,0.00964153876075981
21-Jan-2025 12:00:00,12,62.934692263362,0.062934692263362
21-Jan-2025 13:00:00,13,76.102580690718,0.076102580690718
21-Jan-2025 14:00:00,14,72.0931361492546,0.0720931361492546
21-Jan-2025 15:00:00,15,27.6975581939757,0.0276975581939757
21-Jan-2025 16:00:00,16,10.1990877955696,0.0101990877955696
21-Jan-2025 17:00:00,17,127.238070969971,0.127238070969971
21-Jan-2025 18:00:00,18,130.512076321289,0.130512076321289
21-Jan-2025 19:00:00,19,62.7589427325512,0.0627589427325512
21-Jan-2025 20:00:00,20,132.084616248856,0.132084616248856
21-Jan-2025 21:00:00,21,134.535947679446,0.134535947679446
21-Jan-2025 22:00:00,22,66.8031399356404,0.0668031399356404
21-Jan-2025 23:00:00,23,129.384489982256,0.129384489982256
22-Jan-2025 00:00:00,0,77.0631237602303,0.0770631237602303
22-Jan-2025 01:00:00,1,73.6558295101466,0.0736558295101466
22-Jan-2025 02:00:00,2,72.4627246421198,0.0724627246421198
22-Jan-2025 03:00:00,3,64.3244943821502,0.0643244943821502
22-Jan-2025 04:00:00,4,72.2903704759168,0.0722903704759168
22-Jan-2025 05:00:00,5,73.2469480241171,0.0732469480241171
22-Jan-2025 06:00:00,6,74.1752599592118,0.0741752599592118
22-Jan-2025 07:00:00,7,85.2421795436447,0.0852421795436447
22-Jan-2025 08:00:00,8,125.51644813996,0.12551644813996
22-Jan-2025 09:00:00,9,8.72448264140959,0.00872448264140959
22-Jan-2025 10:00:00,10,9.89281595512224,0.00989281595512224
22-Jan-2025 11:00:00,11,73.42812897466,0.07342812897466
22-Jan-2025 12:00:00,12,13.3478842884922,0.0133478842884922
22-Jan-2025 13:00:00,13,67.6404173791331,0.0676404173791331
22-Jan-2025 14:00:00,14,126.632275356143,0.126632275356143
22-Jan-2025 15:00:00,15,63.2091254995091,0.0632091254995091
22-Jan-2025 16:00:00,16,130.82846984369,0.13082846984369
22-Jan-2025 17:00:00,17,68.6785351801019,0.0686785351801019
22-Jan-2025 18:00:00,18,133.631481999394,0.133631481999394
22-Jan-2025 19:00:00,19,131.572487124971,0.131572487124971
22-Jan-2025 20:00:00,20,133.146021315578,0.133146021315578
22-Jan-2025 21:00:00,21,70.1319832730486,0.0701319832730486
22-Jan-2025 22:00:00,22,6.36423994563745,0.00636423994563745
22-Jan-2025 23:00:00,23,71.3077705582063,0.0713077705582063
23-Jan-2025 00:00:00,0,13.2699886715133,0.0132699886715133
23-Jan-2025 01:00:00,1,73.0686227713651,0.0730686227713651
23-Jan-2025 02:00:00,2,5.48893671779376,0.00548893671779376
23-Jan-2025 03:00:00,3,6.00566440866766,0.00600566440866766
23-Jan-2025 04:00:00,4,5.84866136630496,0.00584866136630496
23-Jan-2025 05:00:00,5,69.4568582878651,0.0694568582878651
23-Jan-2025 06:00:00,6,70.5633912161319,0.0705633912161319
23-Jan-2025 07:00:00,7,9.44735139896371,0.00944735139896371
23-Jan-2025 08:00:00,8,129.800493913266,0.129800493913266
23-Jan-2025 09:00:00,9,68.2056675563222,0.0682056675563222
23-Jan-2025 10:00:00,10,127.561287946339,0.127561287946339
23-Jan-2025 11:00:00,11,5,0.005
23-Jan-2025 12:00:00,12,5,0.005
23-Jan-2025 13:00:00,13,6.40133671414001,0.00640133671414001
23-Jan-2025 14:00:00,14,72.4484062101812,0.0724484062101812
23-Jan-2025 15:00:00,15,124.029869806862,0.124029869806862
23-Jan-2025 16:00:00,16,73.1852258468978,0.0731852258468978
23-Jan-2025 17:00:00,17,126.896424398321,0.126896424398321
23-Jan-2025 18:00:00,18,135.564745040418,0.135564745040418
23-Jan-2025 19:00:00,19,76.5743179219096,0.0765743179219096
23-Jan-2025 20:00:00,20,126.389408042901,0.126389408042901
23-Jan-2025 21:00:00,21,131.578990756476,0.131578990756476
23-Jan-2025 22:00:00,22,66.4679763418372,0.0664679763418372
23-Jan-2025 23:00:00,23,76.4274919207554,0.0764274919207554
24-Jan-2025 00:00:00,0,136.20725596693,0.13620725596693
24-Jan-2025 01:00:00,1,71.5012945133738,0.0715012945133738
24-Jan-2025 02:00:00,2,9.07402152616158,0.00907402152616158
24-Jan-2025 03:00:00,3,7.65118150979744,0.00765118150979744
24-Jan-2025 04:00:00,4,7.29344917473872,0.00729344917473872
24-Jan-2025 05:00:00,5,77.290127934128,0.077290127934128
24-Jan-2025 06:00:00,6,12.6350798023538,0.0126350798023538
24-Jan-2025 07:00:00,7,15.5163149014084,0.0155163149014084
24-Jan-2025 08:00:00,8,69.0909519148261,0.0690909519148261
24-Jan-2025 09:00:00,9,5,0.005
24-Jan-2025 10:00:00,10,75.8288894211526,0.0758288894211526
24-Jan-2025 11:00:00,11,70.7401546323273,0.0707401546323273
24-Jan-2025 12:00:00,12,67.2369061334909,0.0672369061334909
24-Jan-2025 13:00:00,13,68.6185353329498,0.0686185353329498
24-Jan-2025 14:00:00,14,72.6497717475477,0.0726497717475477
24-Jan-2025 15:00:00,15,132.936934659184,0.132936934659184
24-Jan-2025 16:00:00,16,11.1786044226361,0.0111786044226361
24-Jan-2025 17:00:00,17,7.4506117836676,0.0074506117836676
24-Jan-2025 18:00:00,18,123.704188413265,0.123704188413265
24-Jan-2025 19:00:00,19,68.2473167749501,0.0682473167749501
24-Jan-2025 20:00:00,20,127.606045812678,0.127606045812678
24-Jan-2025 21:00:00,21,128.997321587742,0.128997321587742
24-Jan-2025 22:00:00,22,63.5793812366814,0.0635793812366814
24-Jan-2025 23:00:00,23,12.4406194597731,0.0124406194597731
25-Jan-2025 00:00:00,0,10.4655017683906,0.0104655017683906
25-Jan-2025 01:00:00,1,66.991844814576,0.066991844814576
25-Jan-2025 02:00:00,2,70.3838429722278,0.0703838429722278
25-Jan-2025 03:00:00,3,6.02426254688712,0.00602426254688712
25-Jan-2025 04:00:00,4,73.9307654669689,0.0739307654669689
25-Jan-2025 05:00:00,5,7.95353951126945,0.00795353951126945
25-Jan-2025 06:00:00,6,71.1782689994499,0.0711782689994499
25-Jan-2025 07:00:00,7,73.8532306555992,0.0738532306555992
25-Jan-2025 08:00:00,8,70.6216318869662,0.0706216318869662
25-Jan-2025 09:00:00,9,69.8429875482659,0.0698429875482659
25-Jan-2025 10:00:00,10,11.1434580583143,0.0111434580583143
25-Jan-2025 11:00:00,11,69.8268779552884,0.0698268779552884
25-Jan-2025 12:00:00,12,71.0787802025242,0.0710787802025242
25-Jan-2025 13:00:00,13,67.0010231052166,0.0670010231052166
25-Jan-2025 14:00:00,14,68.0340800777093,0.0680340800777093
25-Jan-2025 15:00:00,15,76.5640611177754,0.0765640611177754
25-Jan-2025 16:00:00,16,76.3300367304954,0.0763300367304954
25-Jan-2025 17:00:00,17,130.502203016491,0.130502203016491
25-Jan-2025 18:00:00,18,129.997415422577,0.129997415422577
25-Jan-2025 19:00:00,19,6.70667742691579,0.00670667742691579
25-Jan-2025 20:00:00,20,130.371510773058,0.130371510773058
25-Jan-2025 21:00:00,21,64.3776300139446,0.0643776300139446
25-Jan-2025 22:00:00,22,71.5940394893513,0.0715940394893513
25-Jan-2025 23:00:00,23,73.8971442563097,0.0738971442563097
26-Jan-2025 00:00:00,0,72.9685091320927,0.0729685091320927
26-Jan-2025 01:00:00,1,5,0.005
26-Jan-2025 02:00:00,2,13.8676842099324,0.0138676842099324
26-Jan-2025 03:00:00,3,8.52417295063548,0.00852417295063548
26-Jan-2025 04:00:00,4,66.981883480301,0.066981883480301
26-Jan-2025 05:00:00,5,64.9515776514585,0.0649515776514585
26-Jan-2025 06:00:00,6,8.81880377710306,0.00881880377710306
26-Jan-2025 07:00:00,7,71.5741813124125,0.0715741813124125
26-Jan-2025 08:00:00,8,73.5426619670247,0.0735426619670247
26-Jan-2025 09:00:00,9,5.87785920770832,0.00587785920770832
26-Jan-2025 10:00:00,10,13.2463243293247,0.0132463243293247
26-Jan-2025 11:00:00,11,69.5116601971,0.0695116601971
26-Jan-2025 12:00:00,12,68.0268825007516,0.0680268825007516
26-Jan-2025 13:00:00,13,68.8947418019479,0.0688947418019479
26-Jan-2025 14:00:00,14,65.7726875996183,0.0657726875996183
26-Jan-2025 15:00:00,15,5,0.005
26-Jan-2025 16:00:00,16,67.1529327595401,0.0671529327595401
26-Jan-2025 17:00:00,17,132.017019665828,0.132017019665828
26-Jan-2025 18:00:00,18,133.971555461359,0.133971555461359
26-Jan-2025 19:00:00,19,133.457004670395,0.133457004670395
26-Jan-2025 20:00:00,20,130.032424818124,0.130032424818124
26-Jan-2025 21:00:00,21,132.391832294944,0.132391832294944
26-Jan-2025 22:00:00,22,129.006310803764,0.129006310803764
26-Jan-2025 23:00:00,23,128.637332699951,0.128637332699951
27-Jan-2025 00:00:00,0,9.95892474519985,0.00995892474519985
27-Jan-2025 01:00:00,1,10.2768980035267,0.0102768980035267
27-Jan-2025 02:00:00,2,70.072023144923,0.070072023144923
27-Jan-2025 03:00:00,3,7.81957854776378,0.00781957854776378
27-Jan-2025 04:00:00,4,6.88651234293127,0.00688651234293127
27-Jan-2025 05:00:00,5,130.51517465065,0.13051517465065
27-Jan-2025 06:00:00,6,70.6910726926103,0.0706910726926104
27-Jan-2025 07:00:00,7,72.1432847298394,0.0721432847298394
27-Jan-2025 08:00:00,8,131.040156000443,0.131040156000443
27-Jan-2025 09:00:00,9,10.2415320515106,0.0102415320515106
27-Jan-2025 10:00:00,10,69.0803947442848,0.0690803947442848
27-Jan-2025 11:00:00,11,127.705163192685,0.127705163192685
27-Jan-2025 12:00:00,12,133.211673254838,0.133211673254838
27-Jan-2025 13:00:00,13,67.441727698786,0.067441727698786
27-Jan-2025 14:00:00,14,73.1820372583815,0.0731820372583815
27-Jan-2025 15:00:00,15,26.7183032236584,0.0267183032236584
27-Jan-2025 16:00:00,16,68.1250809291616,0.0681250809291616
27-Jan-2025 17:00:00,17,131.005155950984,0.131005155950984
27-Jan-2025 18:00:00,18,133.737091216873,0.133737091216873
27-Jan-2025 19:00:00,19,129.92472406808,0.12992472406808
27-Jan-2025 20:00:00,20,131.425205948304,0.131425205948304
27-Jan-2025 21:00:00,21,71.8628951302943,0.0718628951302943
27-Jan-2025 22:00:00,22,14.4050790875461,0.0144050790875461
27-Jan-2025 23:00:00,23,73.693512100704,0.073693512100704
28-Jan-2025 00:00:00,0,14.0261165606559,0.0140261165606559
28-Jan-2025 01:00:00,1,62.5954080490564,0.0625954080490564
28-Jan-2025 02:00:00,2,16.6687578667087,0.0166687578667087
28-Jan-2025 03:00:00,3,73.393598823731,0.073393598823731
28-Jan-2025 04:00:00,4,66.7889954194257,0.0667889954194257
28-Jan-2025 05:00:00,5,66.2855297419011,0.0662855297419011
28-Jan-2025 06:00:00,6,131.556646533426,0.131556646533426
28-Jan-2025 07:00:00,7,9.31610821859856,0.00931610821859856
28-Jan-2025 08:00:00,8,5,0.005
28-Jan-2025 09:00:00,9,126.538981993908,0.126538981993908
28-Jan-2025 10:00:00,10,69.5204921624381,0.0695204921624381
28-Jan-2025 11:00:00,11,127.091536142848,0.127091536142848
28-Jan-2025 12:00:00,12,135.631714471404,0.135631714471404
28-Jan-2025 13:00:00,13,66.2883242326698,0.0662883242326698
28-Jan-2025 14:00:00,14,15.012445415066,0.015012445415066
28-Jan-2025 15:00:00,15,127.4113279168,0.1274113279168
28-Jan-2025 16:00:00,16,130.197356240901,0.130197356240901
28-Jan-2025 17:00:00,17,128.144949591493,0.128144949591493
28-Jan-2025 18:00:00,18,66.7393864558645,0.0667393864558645
28-Jan-2025 19:00:00,19,129.768576829973,0.129768576829973
28-Jan-2025 20:00:00,20,131.929554191555,0.131929554191555
28-Jan-2025 21:00:00,21,71.9993907895554,0.0719993907895554
28-Jan-2025 22:00:00,22,16.3543618962236,0.0163543618962236
28-Jan-2025 23:00:00,23,12.2713548804223,0.0122713548804223
29-Jan-2025 00:00:00,0,11.2215348241114,0.0112215348241114
29-Jan-2025 01:00:00,1,12.961820349665,0.012961820349665
29-Jan-2025 02:00:00,2,76.1935270888388,0.0761935270888388
29-Jan-2025 03:00:00,3,6.38423001612044,0.00638423001612044
29-Jan-2025 04:00:00,4,72.0600428704283,0.0720600428704283
29-Jan-2025 05:00:00,5,65.3029982222818,0.0653029982222818
29-Jan-2025 06:00:00,6,65.3916367982042,0.0653916367982042
29-Jan-2025 07:00:00,7,13.0271918606421,0.0130271918606421
29-Jan-2025 08:00:00,8,5,0.005
29-Jan-2025 09:00:00,9,8.31042434672939,0.00831042434672939
29-Jan-2025 10:00:00,10,8.3246898903094,0.0083246898903094
29-Jan-2025 11:00:00,11,64.6541302753827,0.0646541302753827
29-Jan-2025 12:00:00,12,133.758616012384,0.133758616012384
29-Jan-2025 13:00:00,13,67.8587927911052,0.0678587927911052
29-Jan-2025 14:00:00,14,71.0182853038026,0.0710182853038026
29-Jan-2025 15:00:00,15,130.106565666262,0.130106565666262
29-Jan-2025 16:00:00,16,126.893729946075,0.126893729946075
29-Jan-2025 17:00:00,17,67.5405041170275,0.0675405041170275
29-Jan-2025 18:00:00,18,136.378352313908,0.136378352313908
29-Jan-2025 19:00:00,19,130.423940060119,0.130423940060119
29-Jan-2025 20:00:00,20,68.3778351106659,0.0683778351106659
29-Jan-2025 21:00:00,21,126.192692270584,0.126192692270584
29-Jan-2025 22:00:00,22,70.4447116888957,0.0704447116888957
29-Jan-2025 23:00:00,23,70.6748892658284,0.0706748892658284
30-Jan-2025 00:00:00,0,5,0.005
30-Jan-2025 01:00:00,1,69.7955214675845,0.0697955214675846
30-Jan-2025 02:00:00,2,5.84929201558749,0.00584929201558749
30-Jan-2025 03:00:00,3,7.1755283405165,0.0071755283405165
30-Jan-2025 04:00:00,4,73.3928165723486,0.0733928165723486
30-Jan-2025 05:00:00,5,72.2883340642057,0.0722883340642057
30-Jan-2025 06:00:00,6,126.649399217189,0.126649399217189
30-Jan-2025 07:00:00,7,127.194766368701,0.127194766368701
30-Jan-2025 08:00:00,8,75.952768971294,0.075952768971294
30-Jan-2025 09:00:00,9,65.51439186594,0.06551439186594
30-Jan-2025 10:00:00,10,11.191339703581,0.011191339703581
30-Jan-2025 11:00:00,11,72.4276760253712,0.0724276760253712
30-Jan-2025 12:00:00,12,128.192476681736,0.128192476681736
30-Jan-2025 13:00:00,13,73.4209625112122,0.0734209625112122
30-Jan-2025 14:00:00,14,66.5292537489332,0.0665292537489332
30-Jan-2025 15:00:00,15,130.483174372095,0.130483174372095
30-Jan-2025 16:00:00,16,72.8837097160825,0.0728837097160825
30-Jan-2025 17:00:00,17,131.850069875722,0.131850069875722
30-Jan-2025 18:00:00,18,127.129002705577,0.127129002705577
30-Jan-2025 19:00:00,19,134.211412691107,0.134211412691107
30-Jan-2025 20:00:00,20,130.606424357565,0.130606424357565
30-Jan-2025 21:00:00,21,134.031983524055,0.134031983524055
30-Jan-2025 22:00:00,22,71.4342192240055,0.0714342192240055
30-Jan-2025 23:00:00,23,12.2951519178911,0.0122951519178911
31-Jan-2025 00:00:00,0,23.2382734098025,0.0232382734098025
31-Jan-2025 01:00:00,1,13.601912290096,0.013601912290096
31-Jan-2025 02:00:00,2,12.7688052174451,0.0127688052174451
31-Jan-2025 03:00:00,3,6.32159902244929,0.00632159902244929
31-Jan-2025 04:00:00,4,9.47023320329745,0.00947023320329745
31-Jan-2025 05:00:00,5,65.9319066100331,0.0659319066100331
31-Jan-2025 06:00:00,6,129.43143453193,0.12943143453193
31-Jan-2025 07:00:00,7,71.0437978162553,0.0710437978162553
31-Jan-2025 08:00:00,8,9.83937711027585,0.00983937711027585
31-Jan-2025 09:00:00,9,125.020097244751,0.125020097244751
31-Jan-2025 10:00:00,10,64.2385193503975,0.0642385193503975
31-Jan-2025 11:00:00,11,11.8993451575815,0.0118993451575816
31-Jan-2025 12:00:00,12,133.292316632088,0.133292316632088
31-Jan-2025 13:00:00,13,8.82793997846207,0.00882793997846207
31-Jan-2025 14:00:00,14,8.83241985918324,0.00883241985918324
31-Jan-2025 15:00:00,15,68.7534209259435,0.0687534209259435
31-Jan-2025 16:00:00,16,126.382804734086,0.126382804734086
31-Jan-2025 17:00:00,17,126.748355309114,0.126748355309114
31-Jan-2025 18:00:00,18,134.777503690172,0.134777503690172
31-Jan-2025 19:00:00,19,126.321063803796,0.126321063803796
31-Jan-2025 20:00:00,20,128.584120550803,0.128584120550803
31-Jan-2025 21:00:00,21,126.314855771454,0.126314855771454
31-Jan-2025 22:00:00,22,69.1772590611747,0.0691772590611747
31-Jan-2025 23:00:00,23,130.028976025083,0.130028976025083
01-Feb-2025 00:00:00,0,128.466196326722,0.128466196326722
01-Feb-2025 01:00:00,1,132.222868076882,0.132222868076882
01-Feb-2025 02:00:00,2,62.0910389395941,0.0620910389395941
01-Feb-2025 03:00:00,3,6.66628014080093,0.00666628014080094
01-Feb-2025 04:00:00,4,7.50126555798938,0.00750126555798938
01-Feb-2025 05:00:00,5,12.4190182400622,0.0124190182400622
01-Feb-2025 06:00:00,6,77.5460402230827,0.0775460402230827
01-Feb-2025 07:00:00,7,6.8792492110843,0.0068792492110843
01-Feb-2025 08:00:00,8,67.7800974339482,0.0677800974339482
01-Feb-2025 09:00:00,9,68.1845533805299,0.0681845533805299
01-Feb-2025 10:00:00,10,77.2364120837755,0.0772364120837755
01-Feb-2025 11:00:00,11,15.0636819939925,0.0150636819939925
01-Feb-2025 12:00:00,12,69.3546072136832,0.0693546072136832
01-Feb-2025 13:00:00,13,123.984695203601,0.123984695203601
01-Feb-2025 14:00:00,14,72.9168988125555,0.0729168988125555
01-Feb-2025 15:00:00,15,77.3457833871586,0.0773457833871587
01-Feb-2025 16:00:00,16,123.323107725173,0.123323107725173
01-Feb-2025 17:00:00,17,131.183478752149,0.131183478752149
01-Feb-2025 18:00:00,18,125.640437158523,0.125640437158523
01-Feb-2025 19:00:00,19,127.718873446071,0.127718873446071
01-Feb-2025 20:00:00,20,6.22243674534496,0.00622243674534496
01-Feb-2025 21:00:00,21,127.16659880601,0.12716659880601
01-Feb-2025 22:00:00,22,16.915285248142,0.016915285248142
01-Feb-2025 23:00:00,23,128.002937449513,0.128002937449513
02-Feb-2025 00:00:00,0,74.4953545333003,0.0744953545333003
02-Feb-2025 01:00:00,1,70.9133456569922,0.0709133456569922
02-Feb-2025 02:00:00,2,71.9523208162872,0.0719523208162872
02-Feb-2025 03:00:00,3,15.185390294898,0.015185390294898
02-Feb-2025 04:00:00,4,11.5409341669045,0.0115409341669045
02-Feb-2025 05:00:00,5,12.5259720013997,0.0125259720013997
02-Feb-2025 06:00:00,6,83.6590979108764,0.0836590979108764
02-Feb-2025 07:00:00,7,68.7341406676706,0.0687341406676706
02-Feb-2025 08:00:00,8,68.2795427406485,0.0682795427406485
02-Feb-2025 09:00:00,9,74.3393093307502,0.0743393093307502
02-Feb-2025 10:00:00,10,69.3741240464107,0.0693741240464107
02-Feb-2025 11:00:00,11,70.4159136016843,0.0704159136016843
02-Feb-2025 12:00:00,12,71.2612802296304,0.0712612802296304
02-Feb-2025 13:00:00,13,72.0039914994134,0.0720039914994134
02-Feb-2025 14:00:00,14,66.1708838975444,0.0661708838975444
02-Feb-2025 15:00:00,15,12.4335705587854,0.0124335705587854
02-Feb-2025 16:00:00,16,71.5466707775129,0.0715466707775129
02-Feb-2025 17:00:00,17,124.470110845393,0.124470110845393
02-Feb-2025 18:00:00,18,130.095050946289,0.130095050946289
02-Feb-2025 19:00:00,19,73.5966470998954,0.0735966470998954
02-Feb-2025 20:00:00,20,132.429226478117,0.132429226478117
02-Feb-2025 21:00:00,21,131.005764070051,0.131005764070051
02-Feb-2025 22:00:00,22,62.6091055880416,0.0626091055880415
02-Feb-2025 23:00:00,23,131.529797837122,0.131529797837122
03-Feb-2025 00:00:00,0,67.2287520525636,0.0672287520525636
03-Feb-2025 01:00:00,1,18.5289266367138,0.0185289266367138
03-Feb-2025 02:00:00,2,7.43462390744025,0.00743462390744025
03-Feb-2025 03:00:00,3,10.8968679374891,0.0108968679374891
03-Feb-2025 04:00:00,4,76.79274176774,0.07679274176774
03-Feb-2025 05:00:00,5,6.33479375158531,0.00633479375158531
03-Feb-2025 06:00:00,6,83.3260699922235,0.0833260699922235
03-Feb-2025 07:00:00,7,15.7581970566138,0.0157581970566138
03-Feb-2025 08:00:00,8,73.0182513304818,0.0730182513304818
03-Feb-2025 09:00:00,9,71.8889608494886,0.0718889608494886
03-Feb-2025 10:00:00,10,71.0605534012286,0.0710605534012286
03-Feb-2025 11:00:00,11,74.4544898468211,0.0744544898468211
03-Feb-2025 12:00:00,12,126.57769065082,0.12657769065082
03-Feb-2025 13:00:00,13,11.889373480046,0.011889373480046
03-Feb-2025 14:00:00,14,128.781303262859,0.128781303262859
03-Feb-2025 15:00:00,15,132.448385297689,0.132448385297689
03-Feb-2025 16:00:00,16,12.1665860731228,0.0121665860731228
03-Feb-2025 17:00:00,17,71.2673834826662,0.0712673834826662
03-Feb-2025 18:00:00,18,132.845409483803,0.132845409483803
03-Feb-2025 19:00:00,19,130.979319860427,0.130979319860427
03-Feb-2025 20:00:00,20,128.208462380569,0.128208462380569
03-Feb-2025 21:00:00,21,15.9151622265912,0.0159151622265912
03-Feb-2025 22:00:00,22,126.069314793273,0.126069314793273
03-Feb-2025 23:00:00,23,68.3302434057253,0.0683302434057253
04-Feb-2025 00:00:00,0,12.1269664502329,0.0121269664502329
04-Feb-2025 01:00:00,1,9.22419500191612,0.00922419500191612
04-Feb-2025 02:00:00,2,73.606417507515,0.073606417507515
04-Feb-2025 03:00:00,3,9.82125594022629,0.00982125594022628
04-Feb-2025 04:00:00,4,12.4542913136415,0.0124542913136415
04-Feb-2025 05:00:00,5,16.6867792245568,0.0166867792245568
04-Feb-2025 06:00:00,6,70.9026120339824,0.0709026120339824
04-Feb-2025 07:00:00,7,8.61267967420724,0.00861267967420725
04-Feb-2025 08:00:00,8,130.976485303694,0.130976485303694
04-Feb-2025 09:00:00,9,128.192430914091,0.128192430914091
04-Feb-2025 10:00:00,10,9.55784565952359,0.00955784565952359
04-Feb-2025 11:00:00,11,6.90390235489397,0.00690390235489397
04-Feb-2025 12:00:00,12,9.0740419265711,0.0090740419265711
04-Feb-2025 13:00:00,13,5,0.005
04-Feb-2025 14:00:00,14,6.27013738237356,0.00627013738237356
04-Feb-2025 15:00:00,15,72.0113271290646,0.0720113271290646
04-Feb-2025 16:00:00,16,71.0490452166633,0.0710490452166633
04-Feb-2025 17:00:00,17,127.595182664839,0.127595182664839
04-Feb-2025 18:00:00,18,70.7794076699785,0.0707794076699785
04-Feb-2025 19:00:00,19,67.1693251371828,0.0671693251371828
04-Feb-2025 20:00:00,20,74.644292241892,0.074644292241892
04-Feb-2025 21:00:00,21,64.8622588475976,0.0648622588475976
04-Feb-2025 22:00:00,22,120.834285031276,0.120834285031276
04-Feb-2025 23:00:00,23,14.4288946474409,0.0144288946474409
05-Feb-2025 00:00:00,0,13.4702349149088,0.0134702349149088
05-Feb-2025 01:00:00,1,10.7778104889536,0.0107778104889536
05-Feb-2025 02:00:00,2,65.8244433757776,0.0658244433757776
05-Feb-2025 03:00:00,3,72.6836846834064,0.0726836846834064
05-Feb-2025 04:00:00,4,11.9146776399708,0.0119146776399708
05-Feb-2025 05:00:00,5,82.5311253027801,0.0825311253027801
05-Feb-2025 06:00:00,6,71.7348809758502,0.0717348809758502
05-Feb-2025 07:00:00,7,68.8188071877801,0.0688188071877801
05-Feb-2025 08:00:00,8,134.312455802728,0.134312455802728
05-Feb-2025 09:00:00,9,129.58177212764,0.12958177212764
05-Feb-2025 10:00:00,10,66.5749269108997,0.0665749269108997
05-Feb-2025 11:00:00,11,15.0014792179767,0.0150014792179767
05-Feb-2025 12:00:00,12,130.098101383107,0.130098101383107
05-Feb-2025 13:00:00,13,63.6853797800863,0.0636853797800863
05-Feb-2025 14:00:00,14,63.6430632062415,0.0636430632062415
05-Feb-2025 15:00:00,15,10.772411684016,0.010772411684016
05-Feb-2025 16:00:00,16,7.67013894425123,0.00767013894425123
05-Feb-2025 17:00:00,17,73.3033387014858,0.0733033387014858
05-Feb-2025 18:00:00,18,70.1481871007548,0.0701481871007548
05-Feb-2025 19:00:00,19,65.4062747532977,0.0654062747532977
05-Feb-2025 20:00:00,20,125.528018442598,0.125528018442598
05-Feb-2025 21:00:00,21,127.058571513357,0.127058571513357
05-Feb-2025 22:00:00,22,130.690836164696,0.130690836164696
05-Feb-2025 23:00:00,23,5.50632162293342,0.00550632162293342
06-Feb-2025 00:00:00,0,7.22012065843563,0.00722012065843563
06-Feb-2025 01:00:00,1,18.604488367011,0.018604488367011
06-Feb-2025 02:00:00,2,10.560663756315,0.010560663756315
06-Feb-2025 03:00:00,3,66.3691612583496,0.0663691612583496
06-Feb-2025 04:00:00,4,15.8731397003684,0.0158731397003684
06-Feb-2025 05:00:00,5,73.9969214761944,0.0739969214761944
06-Feb-2025 06:00:00,6,66.9433563347168,0.0669433563347168
06-Feb-2025 07:00:00,7,130.93421591676,0.13093421591676
06-Feb-2025 08:00:00,8,135.446518661466,0.135446518661466
06-Feb-2025 09:00:00,9,66.2932062410271,0.0662932062410271
06-Feb-2025 10:00:00,10,65.9978606279525,0.0659978606279525
06-Feb-2025 11:00:00,11,73.2628913547391,0.0732628913547391
06-Feb-2025 12:00:00,12,71.8109974340168,0.0718109974340168
06-Feb-2025 13:00:00,13,74.7754358038001,0.0747754358038002
06-Feb-2025 14:00:00,14,132.812971045986,0.132812971045986
06-Feb-2025 15:00:00,15,66.5817369049717,0.0665817369049717
06-Feb-2025 16:00:00,16,13.9536812943005,0.0139536812943005
06-Feb-2025 17:00:00,17,77.7855605442849,0.0777855605442849
06-Feb-2025 18:00:00,18,73.2645881906611,0.0732645881906611
06-Feb-2025 19:00:00,19,129.370669665189,0.129370669665189
06-Feb-2025 20:00:00,20,127.900056063215,0.127900056063215
06-Feb-2025 21:00:00,21,144.117244264448,0.144117244264448
06-Feb-2025 22:00:00,22,71.1130158680339,0.0711130158680339
06-Feb-2025 23:00:00,23,127.769874458628,0.127769874458628
07-Feb-2025 00:00:00,0,10.1665707364751,0.0101665707364751
07-Feb-2025 01:00:00,1,11.2918040604427,0.0112918040604427
07-Feb-2025 02:00:00,2,68.2257396414356,0.0682257396414356
07-Feb-2025 03:00:00,3,75.6521652016291,0.0756521652016291
07-Feb-2025 04:00:00,4,18.2603362362316,0.0182603362362316
07-Feb-2025 05:00:00,5,5.62292950015516,0.00562292950015516
07-Feb-2025 06:00:00,6,71.5601201290648,0.0715601201290647
07-Feb-2025 07:00:00,7,12.2540151236527,0.0122540151236527
07-Feb-2025 08:00:00,8,67.9880579021053,0.0679880579021053
07-Feb-2025 09:00:00,9,73.6666736909899,0.0736666736909899
07-Feb-2025 10:00:00,10,126.674018716653,0.126674018716653
07-Feb-2025 11:00:00,11,68.6731474387201,0.0686731474387201
07-Feb-2025 12:00:00,12,127.420708721498,0.127420708721498
07-Feb-2025 13:00:00,13,71.6274652489025,0.0716274652489025
07-Feb-2025 14:00:00,14,71.995627743642,0.071995627743642
07-Feb-2025 15:00:00,15,129.913027051603,0.129913027051603
07-Feb-2025 16:00:00,16,8.54234305850671,0.00854234305850671
07-Feb-2025 17:00:00,17,122.481706073898,0.122481706073898
07-Feb-2025 18:00:00,18,124.305846583954,0.124305846583954
07-Feb-2025 19:00:00,19,130.467340326529,0.130467340326529
07-Feb-2025 20:00:00,20,136.200354225581,0.136200354225581
07-Feb-2025 21:00:00,21,67.5568689785491,0.0675568689785491
07-Feb-2025 22:00:00,22,72.9528972576949,0.0729528972576949
07-Feb-2025 23:00:00,23,70.2931073411443,0.0702931073411443
08-Feb-2025 00:00:00,0,5,0.005
08-Feb-2025 01:00:00,1,72.8617632000497,0.0728617632000497
08-Feb-2025 02:00:00,2,73.2881501249453,0.0732881501249453
08-Feb-2025 03:00:00,3,65.6851180972677,0.0656851180972677
08-Feb-2025 04:00:00,4,12.3711752492526,0.0123711752492526
08-Feb-2025 05:00:00,5,66.2341372199186,0.0662341372199186
08-Feb-2025 06:00:00,6,129.616863485466,0.129616863485466
08-Feb-2025 07:00:00,7,68.744929866045,0.068744929866045
08-Feb-2025 08:00:00,8,14.4476482621078,0.0144476482621078
08-Feb-2025 09:00:00,9,8.80617648227947,0.00880617648227947
08-Feb-2025 10:00:00,10,65.954240917358,0.065954240917358
08-Feb-2025 11:00:00,11,69.1980434440453,0.0691980434440453
08-Feb-2025 12:00:00,12,70.7675550541362,0.0707675550541362
08-Feb-2025 13:00:00,13,13.6754411333307,0.0136754411333307
08-Feb-2025 14:00:00,14,129.836602746971,0.129836602746971
08-Feb-2025 15:00:00,15,73.3732280893818,0.0733732280893818
08-Feb-2025 16:00:00,16,68.6900987412092,0.0686900987412092
08-Feb-2025 17:00:00,17,129.46408017708,0.12946408017708
08-Feb-2025 18:00:00,18,16.1187322133756,0.0161187322133756
08-Feb-2025 19:00:00,19,123.38515502478,0.12338515502478
08-Feb-2025 20:00:00,20,67.3477247653146,0.0673477247653146
08-Feb-2025 21:00:00,21,74.4798385996687,0.0744798385996687
08-Feb-2025 22:00:00,22,71.8441134301341,0.0718441134301341
08-Feb-2025 23:00:00,23,127.826663958551,0.127826663958551
09-Feb-2025 00:00:00,0,7.85565187223429,0.00785565187223429
09-Feb-2025 01:00:00,1,77.3369479022424,0.0773369479022424
09-Feb-2025 02:00:00,2,10.1587100553918,0.0101587100553918
09-Feb-2025 03:00:00,3,11.2515941602667,0.0112515941602667
09-Feb-2025 04:00:00,4,10.1857937231498,0.0101857937231498
09-Feb-2025 05:00:00,5,73.0664870344227,0.0730664870344227
09-Feb-2025 06:00:00,6,65.7276508689877,0.0657276508689877
09-Feb-2025 07:00:00,7,130.368928755847,0.130368928755847
09-Feb-2025 08:00:00,8,137.251241594818,0.137251241594818
09-Feb-2025 09:00:00,9,67.4234391835155,0.0674234391835155
09-Feb-2025 10:00:00,10,122.424783243411,0.122424783243411
09-Feb-2025 11:00:00,11,9.96038474079815,0.00996038474079815
09-Feb-2025 12:00:00,12,69.714017214212,0.069714017214212
09-Feb-2025 13:00:00,13,66.9578697077457,0.0669578697077457
09-Feb-2025 14:00:00,14,130.521114807867,0.130521114807867
09-Feb-2025 15:00:00,15,6.62831639108642,0.00662831639108642
09-Feb-2025 16:00:00,16,91.8962596336287,0.0918962596336287
09-Feb-2025 17:00:00,17,128.924142865144,0.128924142865144
09-Feb-2025 18:00:00,18,71.644275363145,0.071644275363145
09-Feb-2025 19:00:00,19,127.277668611084,0.127277668611084
09-Feb-2025 20:00:00,20,126.348390435144,0.126348390435144
09-Feb-2025 21:00:00,21,68.3819880571358,0.0683819880571358
09-Feb-2025 22:00:00,22,129.089048873779,0.129089048873779
09-Feb-2025 23:00:00,23,69.8097664559283,0.0698097664559283
10-Feb-2025 00:00:00,0,5,0.005
10-Feb-2025 01:00:00,1,86.8855134185139,0.0868855134185139
10-Feb-2025 02:00:00,2,10.9746913442542,0.0109746913442542
10-Feb-2025 03:00:00,3,5,0.005
10-Feb-2025 04:00:00,4,10.7237788051573,0.0107237788051573
10-Feb-2025 05:00:00,5,9.87740556860482,0.00987740556860482
10-Feb-2025 06:00:00,6,126.204699615743,0.126204699615743
10-Feb-2025 07:00:00,7,68.7809820514755,0.0687809820514755
10-Feb-2025 08:00:00,8,67.6833947600616,0.0676833947600616
10-Feb-2025 09:00:00,9,68.8425943503708,0.0688425943503708
10-Feb-2025 10:00:00,10,73.6853663608306,0.0736853663608306
10-Feb-2025 11:00:00,11,130.037701138193,0.130037701138193
10-Feb-2025 12:00:00,12,131.421399332285,0.131421399332285
10-Feb-2025 13:00:00,13,130.327393747194,0.130327393747194
10-Feb-2025 14:00:00,14,75.4963988883282,0.0754963988883282
10-Feb-2025 15:00:00,15,8.47659339391832,0.00847659339391832
10-Feb-2025 16:00:00,16,70.1178200025649,0.0701178200025649
10-Feb-2025 17:00:00,17,122.785710319008,0.122785710319008
10-Feb-2025 18:00:00,18,69.6839527257762,0.0696839527257762
10-Feb-2025 19:00:00,19,134.323790950443,0.134323790950443
10-Feb-2025 20:00:00,20,133.615327825145,0.133615327825145
10-Feb-2025 21:00:00,21,130.377127010012,0.130377127010012
10-Feb-2025 22:00:00,22,67.7762251780654,0.0677762251780654
10-Feb-2025 23:00:00,23,131.67326717157,0.13167326717157
11-Feb-2025 00:00:00,0,90.3758353223553,0.0903758353223553
11-Feb-2025 01:00:00,1,14.5492638274598,0.0145492638274598
11-Feb-2025 02:00:00,2,129.5231897082,0.1295231897082
11-Feb-2025 03:00:00,3,13.8777856773391,0.0138777856773391
11-Feb-2025 04:00:00,4,68.44028168808,0.06844028168808
11-Feb-2025 05:00:00,5,8.67028042782501,0.00867028042782501
11-Feb-2025 06:00:00,6,11.3870889503286,0.0113870889503286
11-Feb-2025 07:00:00,7,68.8121778156752,0.0688121778156752
11-Feb-2025 08:00:00,8,66.6536166920808,0.0666536166920808
11-Feb-2025 09:00:00,9,68.8168495651032,0.0688168495651032
11-Feb-2025 10:00:00,10,74.4490448933744,0.0744490448933744
11-Feb-2025 11:00:00,11,62.1806942634548,0.0621806942634548
11-Feb-2025 12:00:00,12,127.383366065708,0.127383366065708
11-Feb-2025 13:00:00,13,15.5626863361617,0.0155626863361617
11-Feb-2025 14:00:00,14,8.72429926356196,0.00872429926356196
11-Feb-2025 15:00:00,15,71.7100674989576,0.0717100674989576
11-Feb-2025 16:00:00,16,15.79293839058,0.01579293839058
11-Feb-2025 17:00:00,17,132.298367268557,0.132298367268557
11-Feb-2025 18:00:00,18,71.113374278368,0.071113374278368
11-Feb-2025 19:00:00,19,132.554892313265,0.132554892313265
11-Feb-2025 20:00:00,20,128.287095030642,0.128287095030642
11-Feb-2025 21:00:00,21,131.177652467406,0.131177652467406
11-Feb-2025 22:00:00,22,68.9691263935628,0.0689691263935628
11-Feb-2025 23:00:00,23,77.1858379868524,0.0771858379868524
12-Feb-2025 00:00:00,0,71.4109681372029,0.0714109681372029
12-Feb-2025 01:00:00,1,7.8469404449337,0.0078469404449337
12-Feb-2025 02:00:00,2,73.196990692525,0.073196990692525
12-Feb-2025 03:00:00,3,129.725071915549,0.129725071915549
12-Feb-2025 04:00:00,4,9.4649224346197,0.0094649224346197
12-Feb-2025 05:00:00,5,6.79937737716145,0.00679937737716145
12-Feb-2025 06:00:00,6,5,0.005
12-Feb-2025 07:00:00,7,72.5540855280776,0.0725540855280776
12-Feb-2025 08:00:00,8,65.7002128230208,0.0657002128230208
12-Feb-2025 09:00:00,9,69.5288040381265,0.0695288040381265
12-Feb-2025 10:00:00,10,13.1070192716375,0.0131070192716375
12-Feb-2025 11:00:00,11,63.9402445994433,0.0639402445994433
12-Feb-2025 12:00:00,12,65.394924128485,0.065394924128485
12-Feb-2025 13:00:00,13,66.0772304211542,0.0660772304211542
12-Feb-2025 14:00:00,14,74.6784535573467,0.0746784535573467
12-Feb-2025 15:00:00,15,130.71944524717,0.13071944524717
12-Feb-2025 16:00:00,16,71.6277556131822,0.0716277556131822
12-Feb-2025 17:00:00,17,133.312682596212,0.133312682596212
12-Feb-2025 18:00:00,18,128.521315090853,0.128521315090853
12-Feb-2025 19:00:00,19,133.41971577409,0.13341971577409
12-Feb-2025 20:00:00,20,130.408312944485,0.130408312944485
12-Feb-2025 21:00:00,21,130.59408445865,0.13059408445865
12-Feb-2025 22:00:00,22,132.438119682798,0.132438119682798
12-Feb-2025 23:00:00,23,131.016677745288,0.131016677745288
13-Feb-2025 00:00:00,0,73.0192544748395,0.0730192544748395
13-Feb-2025 01:00:00,1,10.5989341228726,0.0105989341228726
13-Feb-2025 02:00:00,2,9.01356406695493,0.00901356406695493
13-Feb-2025 03:00:00,3,71.4397517242811,0.0714397517242811
13-Feb-2025 04:00:00,4,12.7900975529892,0.0127900975529892
13-Feb-2025 05:00:00,5,6.24551871006012,0.00624551871006012
13-Feb-2025 06:00:00,6,7.74273627245208,0.00774273627245208
13-Feb-2025 07:00:00,7,8.6332831708016,0.0086332831708016
13-Feb-2025 08:00:00,8,130.652131428219,0.130652131428219
13-Feb-2025 09:00:00,9,77.2522194631013,0.0772522194631012
13-Feb-2025 10:00:00,10,17.2941342049073,0.0172941342049073
13-Feb-2025 11:00:00,11,6.64836626848885,0.00664836626848885
13-Feb-2025 12:00:00,12,134.142095712134,0.134142095712134
13-Feb-2025 13:00:00,13,69.6062644207207,0.0696062644207207
13-Feb-2025 14:00:00,14,7.90090987247648,0.00790090987247648
13-Feb-2025 15:00:00,15,70.7903350430704,0.0707903350430704
13-Feb-2025 16:00:00,16,64.7034079328506,0.0647034079328506
13-Feb-2025 17:00:00,17,130.23618308911,0.13023618308911
13-Feb-2025 18:00:00,18,143.541651639208,0.143541651639208
13-Feb-2025 19:00:00,19,132.880728145715,0.132880728145715
13-Feb-2025 20:00:00,20,129.957134630352,0.129957134630352
13-Feb-2025 21:00:00,21,120.235772845177,0.120235772845177
13-Feb-2025 22:00:00,22,70.057864964088,0.070057864964088
13-Feb-2025 23:00:00,23,125.230779099741,0.125230779099741
14-Feb-2025 00:00:00,0,134.037234289024,0.134037234289024
14-Feb-2025 01:00:00,1,10.2646713562592,0.0102646713562592
14-Feb-2025 02:00:00,2,8.99996614072324,0.00899996614072324
14-Feb-2025 03:00:00,3,73.8776255536208,0.0738776255536208
14-Feb-2025 04:00:00,4,6.09552027807601,0.00609552027807601
14-Feb-2025 05:00:00,5,14.7113808310982,0.0147113808310982
14-Feb-2025 06:00:00,6,125.188390605634,0.125188390605634
14-Feb-2025 07:00:00,7,73.598612324361,0.073598612324361
14-Feb-2025 08:00:00,8,70.0824467119066,0.0700824467119066
14-Feb-2025 09:00:00,9,66.1037431091278,0.0661037431091278
14-Feb-2025 10:00:00,10,12.4854189119849,0.0124854189119849
14-Feb-2025 11:00:00,11,8.55626814245952,0.00855626814245952
14-Feb-2025 12:00:00,12,132.440010457051,0.132440010457051
14-Feb-2025 13:00:00,13,65.2640141825307,0.0652640141825307
14-Feb-2025 14:00:00,14,65.4807810783133,0.0654807810783133
14-Feb-2025 15:00:00,15,69.5208605941293,0.0695208605941293
14-Feb-2025 16:00:00,16,68.4746470806413,0.0684746470806413
14-Feb-2025 17:00:00,17,70.9807162406242,0.0709807162406242
14-Feb-2025 18:00:00,18,136.634300078036,0.136634300078036
14-Feb-2025 19:00:00,19,72.3635578089251,0.0723635578089251
14-Feb-2025 20:00:00,20,130.345734722614,0.130345734722614
14-Feb-2025 21:00:00,21,137.600505160136,0.137600505160136
14-Feb-2025 22:00:00,22,67.8429730124862,0.0678429730124862
14-Feb-2025 23:00:00,23,15.2306186790924,0.0152306186790924
15-Feb-2025 00:00:00,0,17.356190932742,0.017356190932742
15-Feb-2025 01:00:00,1,65.7288654549771,0.0657288654549771
15-Feb-2025 02:00:00,2,67.6125454924518,0.0676125454924518
15-Feb-2025 03:00:00,3,6.99115642299252,0.00699115642299252
15-Feb-2025 04:00:00,4,13.8232234595231,0.0138232234595231
15-Feb-2025 05:00:00,5,133.145110988823,0.133145110988823
15-Feb-2025 06:00:00,6,65.0697313489278,0.0650697313489278
15-Feb-2025 07:00:00,7,9.42786164378225,0.00942786164378225
15-Feb-2025 08:00:00,8,129.289412521225,0.129289412521225
15-Feb-2025 09:00:00,9,67.7211521089573,0.0677211521089573
15-Feb-2025 10:00:00,10,133.240626979399,0.133240626979399
15-Feb-2025 11:00:00,11,10.8121461144125,0.0108121461144125
15-Feb-2025 12:00:00,12,79.1673946167041,0.0791673946167041
15-Feb-2025 13:00:00,13,65.6131438080372,0.0656131438080371
15-Feb-2025 14:00:00,14,133.065783526573,0.133065783526573
15-Feb-2025 15:00:00,15,70.6455282724498,0.0706455282724498
15-Feb-2025 16:00:00,16,13.5316316291455,0.0135316316291455
15-Feb-2025 17:00:00,17,64.4895005431376,0.0644895005431376
15-Feb-2025 18:00:00,18,134.215704103826,0.134215704103826
15-Feb-2025 19:00:00,19,14.2502003331185,0.0142502003331185
15-Feb-2025 20:00:00,20,129.286536036917,0.129286536036917
15-Feb-2025 21:00:00,21,138.270801048323,0.138270801048323
15-Feb-2025 22:00:00,22,135.141194245105,0.135141194245105
15-Feb-2025 23:00:00,23,70.1950489352883,0.0701950489352883
16-Feb-2025 00:00:00,0,27.2904906392635,0.0272904906392635
16-Feb-2025 01:00:00,1,5.08844408102795,0.00508844408102795
16-Feb-2025 02:00:00,2,13.954426680724,0.013954426680724
16-Feb-2025 03:00:00,3,70.8825032523954,0.0708825032523954
16-Feb-2025 04:00:00,4,6.55763454265036,0.00655763454265036
16-Feb-2025 05:00:00,5,5,0.005
16-Feb-2025 06:00:00,6,136.684259453852,0.136684259453852
16-Feb-2025 07:00:00,7,66.4183405031151,0.0664183405031151
16-Feb-2025 08:00:00,8,129.262837506155,0.129262837506155
16-Feb-2025 09:00:00,9,129.072677618659,0.129072677618659
16-Feb-2025 10:00:00,10,68.8367254525634,0.0688367254525634
16-Feb-2025 11:00:00,11,66.8313466070942,0.0668313466070942
16-Feb-2025 12:00:00,12,64.8030674406078,0.0648030674406078
16-Feb-2025 13:00:00,13,69.4647973230806,0.0694647973230806
16-Feb-2025 14:00:00,14,64.7694453836668,0.0647694453836668
16-Feb-2025 15:00:00,15,10.4091328116285,0.0104091328116285
16-Feb-2025 16:00:00,16,68.5467959132965,0.0685467959132965
16-Feb-2025 17:00:00,17,62.6583787049277,0.0626583787049277
16-Feb-2025 18:00:00,18,131.664973122363,0.131664973122363
16-Feb-2025 19:00:00,19,127.323193716135,0.127323193716135
16-Feb-2025 20:00:00,20,134.494854021282,0.134494854021282
16-Feb-2025 21:00:00,21,129.992684798736,0.129992684798736
16-Feb-2025 22:00:00,22,70.5231979340345,0.0705231979340345
16-Feb-2025 23:00:00,23,72.6797118393133,0.0726797118393133
17-Feb-2025 00:00:00,0,5,0.005
17-Feb-2025 01:00:00,1,8.42956753260242,0.00842956753260242
17-Feb-2025 02:00:00,2,9.80708400098855,0.00980708400098855
17-Feb-2025 03:00:00,3,72.1870801281252,0.0721870801281252
17-Feb-2025 04:00:00,4,5.13239729793038,0.00513239729793038
17-Feb-2025 05:00:00,5,21.9763918438069,0.0219763918438069
17-Feb-2025 06:00:00,6,70.8439522439762,0.0708439522439762
17-Feb-2025 07:00:00,7,67.841286832441,0.067841286832441
17-Feb-2025 08:00:00,8,6.75655970841829,0.00675655970841829
17-Feb-2025 09:00:00,9,133.409064677321,0.133409064677321
17-Feb-2025 10:00:00,10,10.4558241784623,0.0104558241784623
17-Feb-2025 11:00:00,11,72.9612761043721,0.0729612761043721
17-Feb-2025 12:00:00,12,71.4257801037806,0.0714257801037806
17-Feb-2025 13:00:00,13,20.1494975997486,0.0201494975997486
17-Feb-2025 14:00:00,14,8.12883045618513,0.00812883045618513
17-Feb-2025 15:00:00,15,72.6977634535234,0.0726977634535234
17-Feb-2025 16:00:00,16,11.515645080784,0.011515645080784
17-Feb-2025 17:00:00,17,131.306931801875,0.131306931801875
17-Feb-2025 18:00:00,18,129.505479098211,0.129505479098211
17-Feb-2025 19:00:00,19,130.483138782455,0.130483138782455
17-Feb-2025 20:00:00,20,133.528123841589,0.133528123841589
17-Feb-2025 21:00:00,21,67.4162239153214,0.0674162239153214
17-Feb-2025 22:00:00,22,65.1944295104452,0.0651944295104452
17-Feb-2025 23:00:00,23,131.370071159867,0.131370071159867
18-Feb-2025 00:00:00,0,67.6949703883947,0.0676949703883947
18-Feb-2025 01:00:00,1,14.078328732652,0.014078328732652
18-Feb-2025 02:00:00,2,8.98168676153118,0.00898168676153118
18-Feb-2025 03:00:00,3,75.1786420916606,0.0751786420916606
18-Feb-2025 04:00:00,4,10.9809024938484,0.0109809024938484
18-Feb-2025 05:00:00,5,13.4841564697464,0.0134841564697464
18-Feb-2025 06:00:00,6,130.262904995262,0.130262904995262
18-Feb-2025 07:00:00,7,69.7607916467177,0.0697607916467177
18-Feb-2025 08:00:00,8,73.6240462960493,0.0736240462960493
18-Feb-2025 09:00:00,9,130.796932421972,0.130796932421972
18-Feb-2025 10:00:00,10,70.3074998886384,0.0703074998886384
18-Feb-2025 11:00:00,11,137.594889016907,0.137594889016907
18-Feb-2025 12:00:00,12,67.7365378185619,0.0677365378185619
18-Feb-2025 13:00:00,13,10.5864290798837,0.0105864290798837
18-Feb-2025 14:00:00,14,65.8070581900605,0.0658070581900605
18-Feb-2025 15:00:00,15,68.1176558647467,0.0681176558647467
18-Feb-2025 16:00:00,16,71.1574796101181,0.0711574796101181
18-Feb-2025 17:00:00,17,72.4665003433452,0.0724665003433452
18-Feb-2025 18:00:00,18,124.430347595324,0.124430347595324
18-Feb-2025 19:00:00,19,68.5936492931234,0.0685936492931234
18-Feb-2025 20:00:00,20,70.8604021012226,0.0708604021012226
18-Feb-2025 21:00:00,21,124.393182857787,0.124393182857787
18-Feb-2025 22:00:00,22,65.4344062925042,0.0654344062925042
18-Feb-2025 23:00:00,23,71.3758351993755,0.0713758351993755
19-Feb-2025 00:00:00,0,74.5476391790442,0.0745476391790442
19-Feb-2025 01:00:00,1,75.1744864479919,0.0751744864479919
19-Feb-2025 02:00:00,2,8.19265038667192,0.00819265038667192
19-Feb-2025 03:00:00,3,9.54222390379904,0.00954222390379904
19-Feb-2025 04:00:00,4,11.653092265121,0.011653092265121
19-Feb-2025 05:00:00,5,90.3990797393278,0.0903990797393278
19-Feb-2025 06:00:00,6,68.1052181165574,0.0681052181165574
19-Feb-2025 07:00:00,7,71.9034372323323,0.0719034372323323
19-Feb-2025 08:00:00,8,134.387085553962,0.134387085553962
19-Feb-2025 09:00:00,9,64.5094855207461,0.0645094855207461
19-Feb-2025 10:00:00,10,72.8859257074228,0.0728859257074228
19-Feb-2025 11:00:00,11,74.5737973817941,0.0745737973817941
19-Feb-2025 12:00:00,12,64.3976213217159,0.0643976213217159
19-Feb-2025 13:00:00,13,67.3274441092242,0.0673274441092242
19-Feb-2025 14:00:00,14,70.9739772507793,0.0709739772507793
19-Feb-2025 15:00:00,15,132.679480816807,0.132679480816807
19-Feb-2025 16:00:00,16,68.7397377869324,0.0687397377869324
19-Feb-2025 17:00:00,17,131.747521491517,0.131747521491517
19-Feb-2025 18:00:00,18,131.943749396559,0.131943749396559
19-Feb-2025 19:00:00,19,128.835977598886,0.128835977598886
19-Feb-2025 20:00:00,20,130.967315269098,0.130967315269098
19-Feb-2025 21:00:00,21,133.446863835483,0.133446863835483
19-Feb-2025 22:00:00,22,78.3011727070449,0.0783011727070449
19-Feb-2025 23:00:00,23,70.2035778832531,0.0702035778832531
20-Feb-2025 00:00:00,0,12.9034413174429,0.0129034413174429
20-Feb-2025 01:00:00,1,15.2283955581344,0.0152283955581344
20-Feb-2025 02:00:00,2,6.83695258531972,0.00683695258531972
20-Feb-2025 03:00:00,3,9.91374308112056,0.00991374308112056
20-Feb-2025 04:00:00,4,68.6657485859507,0.0686657485859507
20-Feb-2025 05:00:00,5,7.2155649690097,0.0072155649690097
20-Feb-2025 06:00:00,6,11.1279352191977,0.0111279352191977
20-Feb-2025 07:00:00,7,76.4296626208107,0.0764296626208107
20-Feb-2025 08:00:00,8,11.2719533663532,0.0112719533663532
20-Feb-2025 09:00:00,9,69.4485675110649,0.0694485675110649
20-Feb-2025 10:00:00,10,128.092536439735,0.128092536439735
20-Feb-2025 11:00:00,11,13.4676619789325,0.0134676619789325
20-Feb-2025 12:00:00,12,11.6115142485932,0.0116115142485932
20-Feb-2025 13:00:00,13,70.4976527124225,0.0704976527124225
20-Feb-2025 14:00:00,14,6.32154898034455,0.00632154898034454
20-Feb-2025 15:00:00,15,15.0460874801486,0.0150460874801486
20-Feb-2025 16:00:00,16,23.4459749967801,0.0234459749967801
20-Feb-2025 17:00:00,17,67.1461628421903,0.0671461628421903
20-Feb-2025 18:00:00,18,133.347180639698,0.133347180639698
20-Feb-2025 19:00:00,19,129.335051316204,0.129335051316204
20-Feb-2025 20:00:00,20,130.713743408176,0.130713743408176
20-Feb-2025 21:00:00,21,150.027407574874,0.150027407574874
20-Feb-2025 22:00:00,22,9.67300605638183,0.00967300605638183
20-Feb-2025 23:00:00,23,10.3549590251133,0.0103549590251133
21-Feb-2025 00:00:00,0,75.6450845375625,0.0756450845375625
21-Feb-2025 01:00:00,1,5,0.005
21-Feb-2025 02:00:00,2,65.132101675675,0.065132101675675
21-Feb-2025 03:00:00,3,10.0860571138163,0.0100860571138163
21-Feb-2025 04:00:00,4,11.7781993960415,0.0117781993960415
21-Feb-2025 05:00:00,5,13.9314289874747,0.0139314289874747
21-Feb-2025 06:00:00,6,136.693532661864,0.136693532661864
21-Feb-2025 07:00:00,7,74.1425532658242,0.0741425532658242
21-Feb-2025 08:00:00,8,132.482685160246,0.132482685160246
21-Feb-2025 09:00:00,9,66.3859422065812,0.0663859422065812
21-Feb-2025 10:00:00,10,74.8457156820454,0.0748457156820454
21-Feb-2025 11:00:00,11,7.90301677858894,0.00790301677858894
21-Feb-2025 12:00:00,12,74.1546327960073,0.0741546327960073
21-Feb-2025 13:00:00,13,130.506065253801,0.130506065253801
21-Feb-2025 14:00:00,14,15.9212833018318,0.0159212833018318
21-Feb-2025 15:00:00,15,68.4883375130642,0.0684883375130642
21-Feb-2025 16:00:00,16,134.569605213249,0.134569605213249
21-Feb-2025 17:00:00,17,133.712737722443,0.133712737722443
21-Feb-2025 18:00:00,18,126.934905080833,0.126934905080833
21-Feb-2025 19:00:00,19,128.136622850088,0.128136622850088
21-Feb-2025 20:00:00,20,71.2008667745699,0.0712008667745699
21-Feb-2025 21:00:00,21,70.7467248985436,0.0707467248985436
21-Feb-2025 22:00:00,22,7.54297716318416,0.00754297716318416
21-Feb-2025 23:00:00,23,65.6100225042367,0.0656100225042367
22-Feb-2025 00:00:00,0,70.8456436891242,0.0708456436891242
22-Feb-2025 01:00:00,1,10.7025574146115,0.0107025574146115
22-Feb-2025 02:00:00,2,72.7299559415581,0.0727299559415581
22-Feb-2025 03:00:00,3,70.9515725580453,0.0709515725580453
22-Feb-2025 04:00:00,4,12.797233219213,0.012797233219213
22-Feb-2025 05:00:00,5,5,0.005
22-Feb-2025 06:00:00,6,71.7097794931136,0.0717097794931136
22-Feb-2025 07:00:00,7,71.6570757245378,0.0716570757245378
22-Feb-2025 08:00:00,8,75.48106786291,0.07548106786291
22-Feb-2025 09:00:00,9,66.1460363745661,0.0661460363745661
22-Feb-2025 10:00:00,10,66.7338295189297,0.0667338295189297
22-Feb-2025 11:00:00,11,73.0321837817923,0.0730321837817923
22-Feb-2025 12:00:00,12,67.5055940811707,0.0675055940811707
22-Feb-2025 13:00:00,13,132.571792041588,0.132571792041588
22-Feb-2025 14:00:00,14,134.887045171656,0.134887045171656
22-Feb-2025 15:00:00,15,67.1054969756857,0.0671054969756857
22-Feb-2025 16:00:00,16,130.310261801636,0.130310261801636
22-Feb-2025 17:00:00,17,121.626143695517,0.121626143695517
22-Feb-2025 18:00:00,18,73.4190527832519,0.0734190527832519
22-Feb-2025 19:00:00,19,67.3713189483641,0.0673713189483642
22-Feb-2025 20:00:00,20,129.218717626399,0.129218717626399
22-Feb-2025 21:00:00,21,67.0867972843686,0.0670867972843686
22-Feb-2025 22:00:00,22,66.1360099206543,0.0661360099206543
22-Feb-2025 23:00:00,23,15.5067477247494,0.0155067477247494
23-Feb-2025 00:00:00,0,128.845593769531,0.128845593769531
23-Feb-2025 01:00:00,1,7.75661143826412,0.00775661143826412
23-Feb-2025 02:00:00,2,15.1079129304221,0.0151079129304221
23-Feb-2025 03:00:00,3,65.5481753320042,0.0655481753320042
23-Feb-2025 04:00:00,4,62.5365861192604,0.0625365861192604
23-Feb-2025 05:00:00,5,65.8264319351256,0.0658264319351256
23-Feb-2025 06:00:00,6,128.232853052549,0.128232853052549
23-Feb-2025 07:00:00,7,73.1542935057775,0.0731542935057775
23-Feb-2025 08:00:00,8,11.3075724518569,0.0113075724518569
23-Feb-2025 09:00:00,9,69.6492557393584,0.0696492557393584
23-Feb-2025 10:00:00,10,75.5170649804595,0.0755170649804595
23-Feb-2025 11:00:00,11,63.7327118795801,0.0637327118795801
23-Feb-2025 12:00:00,12,68.7602016286278,0.0687602016286278
23-Feb-2025 13:00:00,13,70.8264489019638,0.0708264489019638
23-Feb-2025 14:00:00,14,14.7792772840408,0.0147792772840408
23-Feb-2025 15:00:00,15,70.8185554242572,0.0708185554242572
23-Feb-2025 16:00:00,16,5.2673613244775,0.0052673613244775
23-Feb-2025 17:00:00,17,129.684449691913,0.129684449691913
23-Feb-2025 18:00:00,18,133.152150132917,0.133152150132917
23-Feb-2025 19:00:00,19,67.2316277326662,0.0672316277326662
23-Feb-2025 20:00:00,20,71.2783493608966,0.0712783493608966
23-Feb-2025 21:00:00,21,125.046573236077,0.125046573236077
23-Feb-2025 22:00:00,22,73.2539620837724,0.0732539620837725
23-Feb-2025 23:00:00,23,13.2973562879578,0.0132973562879578
24-Feb-2025 00:00:00,0,6.389076445638,0.006389076445638
24-Feb-2025 01:00:00,1,72.4214413971908,0.0724214413971908
24-Feb-2025 02:00:00,2,68.832799168534,0.068832799168534
24-Feb-2025 03:00:00,3,75.3714362422537,0.0753714362422537
24-Feb-2025 04:00:00,4,15.3559746680218,0.0153559746680218
24-Feb-2025 05:00:00,5,6.39682372676498,0.00639682372676498
24-Feb-2025 06:00:00,6,66.4014122767719,0.0664014122767719
24-Feb-2025 07:00:00,7,15.4456823697617,0.0154456823697617
24-Feb-2025 08:00:00,8,69.1024304801885,0.0691024304801885
24-Feb-2025 09:00:00,9,70.2037600793635,0.0702037600793635
24-Feb-2025 10:00:00,10,75.3033592441499,0.0753033592441499
24-Feb-2025 11:00:00,11,70.5193034311909,0.0705193034311909
24-Feb-2025 12:00:00,12,14.4602407778075,0.0144602407778075
24-Feb-2025 13:00:00,13,128.542004935339,0.128542004935339
24-Feb-2025 14:00:00,14,72.7713370161035,0.0727713370161035
24-Feb-2025 15:00:00,15,126.116353043342,0.126116353043342
24-Feb-2025 16:00:00,16,71.6939575628557,0.0716939575628557
24-Feb-2025 17:00:00,17,129.948122061209,0.129948122061209
24-Feb-2025 18:00:00,18,130.594653483954,0.130594653483954
24-Feb-2025 19:00:00,19,129.237197482509,0.129237197482509
24-Feb-2025 20:00:00,20,128.774843521185,0.128774843521185
24-Feb-2025 21:00:00,21,64.7957648275765,0.0647957648275765
24-Feb-2025 22:00:00,22,11.9206238271825,0.0119206238271825
24-Feb-2025 23:00:00,23,68.1955906623178,0.0681955906623178
25-Feb-2025 00:00:00,0,9.53776571150945,0.00953776571150945
25-Feb-2025 01:00:00,1,5.33500782096531,0.00533500782096531
25-Feb-2025 02:00:00,2,66.9527691664966,0.0669527691664966
25-Feb-2025 03:00:00,3,15.9987975729491,0.0159987975729491
25-Feb-2025 04:00:00,4,73.3584174386663,0.0733584174386663
25-Feb-2025 05:00:00,5,8.30603230529027,0.00830603230529027
25-Feb-2025 06:00:00,6,73.8429908752185,0.0738429908752185
25-Feb-2025 07:00:00,7,67.4208114916913,0.0674208114916913
25-Feb-2025 08:00:00,8,132.665069489954,0.132665069489954
25-Feb-2025 09:00:00,9,131.884920017899,0.131884920017899
25-Feb-2025 10:00:00,10,65.9080257983585,0.0659080257983585
25-Feb-2025 11:00:00,11,78.4089591092456,0.0784089591092456
25-Feb-2025 12:00:00,12,74.1417792213889,0.0741417792213889
25-Feb-2025 13:00:00,13,10.1262102614426,0.0101262102614426
25-Feb-2025 14:00:00,14,15.5980522225846,0.0155980522225846
25-Feb-2025 15:00:00,15,5.10947499880648,0.00510947499880648
25-Feb-2025 16:00:00,16,77.811390747098,0.077811390747098
25-Feb-2025 17:00:00,17,135.060726653391,0.135060726653391
25-Feb-2025 18:00:00,18,131.684743877129,0.131684743877129
25-Feb-2025 19:00:00,19,68.3707738989165,0.0683707738989165
25-Feb-2025 20:00:00,20,130.091424961984,0.130091424961984
25-Feb-2025 21:00:00,21,131.379511969457,0.131379511969456
25-Feb-2025 22:00:00,22,124.611264600366,0.124611264600366
25-Feb-2025 23:00:00,23,68.2963038668512,0.0682963038668512
26-Feb-2025 00:00:00,0,74.689208001417,0.074689208001417
26-Feb-2025 01:00:00,1,73.1766836085668,0.0731766836085668
26-Feb-2025 02:00:00,2,11.5496483080056,0.0115496483080056
26-Feb-2025 03:00:00,3,11.5112671796936,0.0115112671796936
26-Feb-2025 04:00:00,4,9.4855184611833,0.00948551846118329
26-Feb-2025 05:00:00,5,9.28778575962078,0.00928778575962078
26-Feb-2025 06:00:00,6,72.0954594417459,0.0720954594417459
26-Feb-2025 07:00:00,7,73.9696244361192,0.0739696244361192
26-Feb-2025 08:00:00,8,73.0495633569265,0.0730495633569265
26-Feb-2025 09:00:00,9,9.35790680973703,0.00935790680973703
26-Feb-2025 10:00:00,10,67.1043761224452,0.0671043761224452
26-Feb-2025 11:00:00,11,127.299252397477,0.127299252397477
26-Feb-2025 12:00:00,12,5.86058750315528,0.00586058750315528
26-Feb-2025 13:00:00,13,132.167389807346,0.132167389807346
26-Feb-2025 14:00:00,14,71.5137194609685,0.0715137194609685
26-Feb-2025 15:00:00,15,66.9421481669354,0.0669421481669354
26-Feb-2025 16:00:00,16,69.0176639390617,0.0690176639390618
26-Feb-2025 17:00:00,17,73.7314067635014,0.0737314067635014
26-Feb-2025 18:00:00,18,128.087225970439,0.128087225970439
26-Feb-2025 19:00:00,19,130.835166809011,0.130835166809011
26-Feb-2025 20:00:00,20,129.636755424378,0.129636755424378
26-Feb-2025 21:00:00,21,122.545782532248,0.122545782532248
26-Feb-2025 22:00:00,22,5.36037219742829,0.00536037219742829
26-Feb-2025 23:00:00,23,64.4567575442578,0.0644567575442578
27-Feb-2025 00:00:00,0,66.8152857088889,0.0668152857088889
27-Feb-2025 01:00:00,1,7.57648765204617,0.00757648765204617
27-Feb-2025 02:00:00,2,68.3453099182531,0.0683453099182531
27-Feb-2025 03:00:00,3,30.4201735292365,0.0304201735292365
27-Feb-2025 04:00:00,4,5,0.005
27-Feb-2025 05:00:00,5,126.43001819215,0.12643001819215
27-Feb-2025 06:00:00,6,132.403689989277,0.132403689989277
27-Feb-2025 07:00:00,7,134.118545216984,0.134118545216984
27-Feb-2025 08:00:00,8,76.9507073312001,0.0769507073312001
27-Feb-2025 09:00:00,9,74.6726506782193,0.0746726506782193
27-Feb-2025 10:00:00,10,67.9226342792964,0.0679226342792964
27-Feb-2025 11:00:00,11,71.5371829408328,0.0715371829408328
27-Feb-2025 12:00:00,12,69.8011294824444,0.0698011294824444
27-Feb-2025 13:00:00,13,73.2871649199827,0.0732871649199827
27-Feb-2025 14:00:00,14,68.1367914761974,0.0681367914761974
27-Feb-2025 15:00:00,15,71.3719156962903,0.0713719156962903
27-Feb-2025 16:00:00,16,122.155778977588,0.122155778977588
27-Feb-2025 17:00:00,17,70.8540459017597,0.0708540459017597
27-Feb-2025 18:00:00,18,133.212804094277,0.133212804094277
27-Feb-2025 19:00:00,19,126.597005868993,0.126597005868993
27-Feb-2025 20:00:00,20,133.900657407399,0.133900657407399
27-Feb-2025 21:00:00,21,126.380260881754,0.126380260881754
27-Feb-2025 22:00:00,22,133.91052775575,0.13391052775575
27-Feb-2025 23:00:00,23,7.66287047539047,0.00766287047539047
28-Feb-2025 00:00:00,0,73.9304878544243,0.0739304878544243
28-Feb-2025 01:00:00,1,70.7997728620331,0.0707997728620331
28-Feb-2025 02:00:00,2,69.5507700018024,0.0695507700018024
28-Feb-2025 03:00:00,3,9.13430914274537,0.00913430914274537
28-Feb-2025 04:00:00,4,9.17092326755913,0.00917092326755913
28-Feb-2025 05:00:00,5,68.0828276138824,0.0680828276138824
28-Feb-2025 06:00:00,6,6.45984054231572,0.00645984054231572
28-Feb-2025 07:00:00,7,63.4505520811954,0.0634505520811954
28-Feb-2025 08:00:00,8,71.2906092662621,0.0712906092662621
28-Feb-2025 09:00:00,9,74.2155497837464,0.0742155497837464
28-Feb-2025 10:00:00,10,12.5771230438688,0.0125771230438688
28-Feb-2025 11:00:00,11,6.32112140234699,0.00632112140234699
28-Feb-2025 12:00:00,12,11.574395792493,0.011574395792493
28-Feb-2025 13:00:00,13,126.041309536083,0.126041309536083
28-Feb-2025 14:00:00,14,70.7740679770358,0.0707740679770358
28-Feb-2025 15:00:00,15,66.9098532612611,0.0669098532612611
28-Feb-2025 16:00:00,16,68.1032053289323,0.0681032053289323
28-Feb-2025 17:00:00,17,135.348085578374,0.135348085578374
28-Feb-2025 18:00:00,18,122.748669442768,0.122748669442768
28-Feb-2025 19:00:00,19,126.612127593747,0.126612127593747
28-Feb-2025 20:00:00,20,78.1590957637283,0.0781590957637283
28-Feb-2025 21:00:00,21,71.1519161160455,0.0711519161160455
28-Feb-2025 22:00:00,22,73.674515771048,0.073674515771048
28-Feb-2025 23:00:00,23,130.964638472548,0.130964638472548
01-Mar-2025 00:00:00,0,8.63823810556493,0.00863823810556493
01-Mar-2025 01:00:00,1,137.300407734656,0.137300407734656
01-Mar-2025 02:00:00,2,63.6710454208638,0.0636710454208638
01-Mar-2025 03:00:00,3,123.75780098047,0.12375780098047
01-Mar-2025 04:00:00,4,7.57391666835132,0.00757391666835132
01-Mar-2025 05:00:00,5,70.1168293349991,0.070116829334999
01-Mar-2025 06:00:00,6,14.9329205917912,0.0149329205917912
01-Mar-2025 07:00:00,7,76.3013155505456,0.0763013155505456
01-Mar-2025 08:00:00,8,67.01711306118,0.06701711306118
01-Mar-2025 09:00:00,9,70.9533194890387,0.0709533194890387
01-Mar-2025 10:00:00,10,15.156314009873,0.015156314009873
01-Mar-2025 11:00:00,11,68.8080209036644,0.0688080209036644
01-Mar-2025 12:00:00,12,64.6182365265738,0.0646182365265738
01-Mar-2025 13:00:00,13,12.199319890252,0.012199319890252
01-Mar-2025 14:00:00,14,66.0450108312922,0.0660450108312922
01-Mar-2025 15:00:00,15,66.9135629784228,0.0669135629784228
01-Mar-2025 16:00:00,16,6.0215181414007,0.0060215181414007
01-Mar-2025 17:00:00,17,67.3656459382307,0.0673656459382307
01-Mar-2025 18:00:00,18,135.530041603805,0.135530041603805
01-Mar-2025 19:00:00,19,132.687172436619,0.132687172436619
01-Mar-2025 20:00:00,20,128.714151036403,0.128714151036403
01-Mar-2025 21:00:00,21,135.495281825472,0.135495281825472
01-Mar-2025 22:00:00,22,66.7389396409482,0.0667389396409482
01-Mar-2025 23:00:00,23,74.7465843671884,0.0747465843671884
